Neighb ID ,Neighbourhood Name ,"# of people with Diabetes 2021/22 ±, All Ages 20+ Male","# of people with Diabetes 2021/22 ±, All Ages 20+ Female","# of people with Diabetes 2021/22 ±, All Ages 20+ Total","Total Population 2023 (RPDB) ª, All Ages 20+ Male","Total Population 2023 (RPDB) ª, All Ages 20+ Female","Total Population 2023 (RPDB) ª, All Ages 20+ Total"," Age-Standardized † rate (/100) of Diabetes 2021/22, All Ages 20+ Male"," Age-Standardized † rate (/100) of Diabetes 2021/22, All Ages 20+ Female"," Age-Standardized † rate (/100) of Diabetes 2021/22, All Ages 20+ Total"," Age-Standardized † rate (/100) of Diabetes 2021/22, All Ages 20+ Rate Ratio**, Total"," Age-Standardized † rate (/100) of Diabetes 2021/22, All Ages 20+ H/ L/ NS, Total"," Age-Standardized † rate (/100) of Diabetes 2021/22, All Ages 20+ (95% CI) LL, Male"," Age-Standardized † rate (/100) of Diabetes 2021/22, All Ages 20+ (95% CI) UL,  Male"," Age-Standardized † rate (/100) of Diabetes 2021/22, All Ages 20+ (95% CI) LL, Female"," Age-Standardized † rate (/100) of Diabetes 2021/22, All Ages 20+ (95% CI) UL, Female"," Age-Standardized † rate (/100) of Diabetes 2021/22, All Ages 20+ (95% CI) LL, Total"," Age-Standardized † rate (/100) of Diabetes 2021/22, All Ages 20+ (95% CI) UL, Total","Prevalence (/100) of Diabetes 2021/22, All Ages 20+ Male","Prevalence (/100) of Diabetes 2021/22, All Ages 20+ Female","Prevalence (/100) of Diabetes 2021/22, All Ages 20+ Total","Prevalence (/100) of Diabetes 2021/22, All Ages 20+ Rate Ratio**, Total","Prevalence (/100) of Diabetes 2021/22, All Ages 20+ H/ L/ NS, Total","Prevalence (/100) of Diabetes 2021/22, All Ages 20+ (95% CI) LL, Male","Prevalence (/100) of Diabetes 2021/22, All Ages 20+ (95% CI) UL,  Male","Prevalence (/100) of Diabetes 2021/22, All Ages 20+ (95% CI) LL, Female","Prevalence (/100) of Diabetes 2021/22, All Ages 20+ (95% CI) UL, Female","Prevalence (/100) of Diabetes 2021/22, All Ages 20+ (95% CI) LL, Total","Prevalence (/100) of Diabetes 2021/22, All Ages 20+ (95% CI) UL, Total","# of people with Diabetes 2021/22 ±, Age 20-44 Male","# of people with Diabetes 2021/22 ±, Age 20-44 Female","# of people with Diabetes 2021/22 ±, Age 20-44 Total","Total Population 2023 (RPDB) ª, Age 20-44 Male","Total Population 2023 (RPDB) ª, Age 20-44 Female","Total Population 2023 (RPDB) ª, Age 20-44 Total","Prevalence (/100) of Diabetes 2021/22, Age 20-44 Male","Prevalence (/100) of Diabetes 2021/22, Age 20-44 Female","Prevalence (/100) of Diabetes 2021/22, Age 20-44 Total","Prevalence (/100) of Diabetes 2021/22, Age 20-44 Rate Ratio**, Total","Prevalence (/100) of Diabetes 2021/22, Age 20-44 H/ L/ NS, Total","Prevalence (/100) of Diabetes 2021/22, Age 20-44 (95% CI) LL, Male","Prevalence (/100) of Diabetes 2021/22, Age 20-44 (95% CI) UL,  Male","Prevalence (/100) of Diabetes 2021/22, Age 20-44 (95% CI) LL, Female","Prevalence (/100) of Diabetes 2021/22, Age 20-44 (95% CI) UL, Female","Prevalence (/100) of Diabetes 2021/22, Age 20-44 (95% CI) LL, Total","Prevalence (/100) of Diabetes 2021/22, Age 20-44 (95% CI) UL, Total","# of people with Diabetes 2021/22 ±, Age 45-64 Male","# of people with Diabetes 2021/22 ±, Age 45-64 Female","# of people with Diabetes 2021/22 ±, Age 45-64 Total","Total Population 2023 (RPDB) ª, Age 45-64 Male","Total Population 2023 (RPDB) ª, Age 45-64 Female","Total Population 2023 (RPDB) ª, Age 45-64 Total","Prevalence (/100) of Diabetes 2021/22, Age 45-64 Male","Prevalence (/100) of Diabetes 2021/22, Age 45-64 Female","Prevalence (/100) of Diabetes 2021/22, Age 45-64 Total","Prevalence (/100) of Diabetes 2021/22, Age 45-64 Rate Ratio**, Total","Prevalence (/100) of Diabetes 2021/22, Age 45-64 H/ L/ NS, Total","Prevalence (/100) of Diabetes 2021/22, Age 45-64 (95% CI) LL, Male","Prevalence (/100) of Diabetes 2021/22, Age 45-64 (95% CI) UL,  Male","Prevalence (/100) of Diabetes 2021/22, Age 45-64 (95% CI) LL, Female","Prevalence (/100) of Diabetes 2021/22, Age 45-64 (95% CI) UL, Female","Prevalence (/100) of Diabetes 2021/22, Age 45-64 (95% CI) LL, Total","Prevalence (/100) of Diabetes 2021/22, Age 45-64 (95% CI) UL, Total","# of people with Diabetes 2021/22 ±, Age 65+ Male","# of people with Diabetes 2021/22 ±, Age 65+ Female","# of people with Diabetes 2021/22 ±, Age 65+ Total","Total Population 2023 (RPDB) ª, Age 65+ Male","Total Population 2023 (RPDB) ª, Age 65+ Female","Total Population 2023 (RPDB) ª, Age 65+ Total","Prevalence (/100) of Diabetes 2021/22, Age 65+ Male","Prevalence (/100) of Diabetes 2021/22, Age 65+ Female","Prevalence (/100) of Diabetes 2021/22, Age 65+ Total","Prevalence (/100) of Diabetes 2021/22, Age 65+ Rate Ratio**, Total","Prevalence (/100) of Diabetes 2021/22, Age 65+ H/ L/ NS, Total","Prevalence (/100) of Diabetes 2021/22, Age 65+ (95% CI) LL, Male","Prevalence (/100) of Diabetes 2021/22, Age 65+ (95% CI) UL,  Male","Prevalence (/100) of Diabetes 2021/22, Age 65+ (95% CI) LL, Female","Prevalence (/100) of Diabetes 2021/22, Age 65+ (95% CI) UL, Female","Prevalence (/100) of Diabetes 2021/22, Age 65+ (95% CI) LL, Total","Prevalence (/100) of Diabetes 2021/22, Age 65+ (95% CI) UL, Total"
1,West Humber-Clairville,2745,2620,5365,15507,15578,31085,18.4,17.5,18.0,1.53,H,17.8,19.0,16.9,18.1,17.6,18.4,17.7,16.8,17.3,1.43,H,17.1,18.3,16.2,17.4,16.8,17.7,232,239,471,7914,7571,15485,2.9,3.2,3.0,1.36,H,2.6,3.3,2.8,3.6,2.8,3.3,1115,978,2093,4601,4590,9191,24.2,21.3,22.8,1.59,H,23.0,25.5,20.1,22.5,21.9,23.6,1398,1403,2801,2992,3417,6409,46.7,41.1,43.7,1.41,H,44.9,48.5,39.4,42.7,42.5,44.9
2,Mount Olive-Silverstone-Jamestown,2358,2374,4732,12720,13444,26164,19.4,19.0,19.2,1.63,H,18.7,20.0,18.4,19.7,18.8,19.7,18.5,17.7,18.1,1.50,H,17.9,19.2,17.0,18.3,17.6,18.6,215,268,483,6381,6534,12915,3.4,4.1,3.7,1.68,H,2.9,3.8,3.6,4.6,3.4,4.1,1043,1001,2044,4027,4418,8445,25.9,22.7,24.2,1.69,H,24.5,27.3,21.4,23.9,23.3,25.1,1100,1105,2205,2312,2492,4804,47.6,44.3,45.9,1.48,H,45.5,49.6,42.4,46.3,44.5,47.3
3,Thistletown-Beaumond Heights,780,766,1546,4473,4622,9095,16.7,16.3,16.5,1.40,H,15.7,17.7,15.3,17.3,15.8,17.2,17.4,16.6,17.0,1.40,H,16.3,18.5,15.5,17.6,16.2,17.8,55,81,136,2027,2089,4116,2.7,3.9,3.3,1.50,H,2.0,3.4,3.0,4.7,2.8,3.9,345,284,629,1475,1419,2894,23.4,20.0,21.7,1.52,H,21.2,25.6,17.9,22.1,20.2,23.2,380,401,781,971,1114,2085,39.1,36.0,37.5,1.21,H,36.1,42.2,33.2,38.8,35.4,39.5
4,Rexdale-Kipling,737,767,1504,4577,4713,9290,15.0,14.7,14.9,1.26,H,14.1,16.0,13.8,15.7,14.2,15.5,16.1,16.3,16.2,1.34,H,15.0,17.2,15.2,17.3,15.4,16.9,55,56,111,2006,1890,3896,2.7,3.0,2.8,1.27,H,2.0,3.5,2.2,3.7,2.3,3.4,312,276,588,1563,1569,3132,20.0,17.6,18.8,1.31,H,18.0,21.9,15.7,19.5,17.4,20.1,370,435,805,1008,1254,2262,36.7,34.7,35.6,1.15,H,33.7,39.7,32.1,37.3,33.6,37.6
5,Elms-Old Rexdale,639,659,1298,3892,4005,7897,16.4,16.6,16.5,1.40,H,15.3,17.5,15.5,17.7,15.7,17.3,16.4,16.5,16.4,1.36,H,15.3,17.6,15.3,17.6,15.6,17.3,51,65,116,1821,1789,3610,2.8,3.6,3.2,1.45,H,2.0,3.6,2.8,4.5,2.6,3.8,293,297,590,1336,1374,2710,21.9,21.6,21.8,1.52,H,19.7,24.1,19.4,23.8,20.2,23.3,295,297,592,735,842,1577,40.1,35.3,37.5,1.21,H,36.6,43.7,32.0,38.5,35.1,39.9
6,Kingsview Village-The Westway,1521,1492,3013,9671,10127,19798,15.6,14.5,15.1,1.28,H,15.0,16.3,13.9,15.2,14.6,15.6,15.7,14.7,15.2,1.26,H,15.0,16.5,14.0,15.4,14.7,15.7,145,127,272,4670,4555,9225,3.1,2.8,2.9,1.32,H,2.6,3.6,2.3,3.3,2.6,3.3,612,578,1190,3063,3211,6274,20.0,18.0,19.0,1.33,H,18.6,21.4,16.7,19.3,18.0,19.9,764,787,1551,1938,2361,4299,39.4,33.3,36.1,1.16,H,37.2,41.6,31.4,35.2,34.6,37.5
7,Willowridge-Martingrove-Richview,1378,1434,2812,8997,10046,19043,13.0,12.1,12.5,1.06,H,12.3,13.6,11.5,12.7,12.1,12.9,15.3,14.3,14.8,1.22,H,14.6,16.1,13.6,15.0,14.3,15.3,81,116,197,3689,3764,7453,2.2,3.1,2.6,1.18,H,1.7,2.7,2.5,3.6,2.3,3.0,465,431,896,3009,3197,6206,15.5,13.5,14.4,1.01,NS,14.2,16.7,12.3,14.7,13.6,15.3,832,887,1719,2299,3085,5384,36.2,28.8,31.9,1.03,NS,34.2,38.2,27.2,30.3,30.7,33.2
8,Humber Heights-Westmount,606,683,1289,4127,5045,9172,11.6,10.3,10.8,0.92,L,10.7,12.4,9.5,11.0,10.2,11.4,14.7,13.5,14.1,1.17,H,13.6,15.8,12.6,14.5,13.3,14.8,32,50,82,1537,1630,3167,2.1,3.1,2.6,1.18,NS,1.4,2.8,2.2,3.9,2.0,3.1,189,159,348,1425,1597,3022,13.3,10.0,11.5,0.80,L,11.5,15.0,8.5,11.4,10.4,12.7,385,474,859,1165,1818,2983,33.0,26.1,28.8,0.93,L,30.3,35.7,24.1,28.1,27.2,30.4
9,Edenbridge-Humber Valley,750,789,1539,6289,7532,13821,9.4,8.5,8.8,0.75,L,8.7,10.0,7.9,9.0,8.4,9.3,11.9,10.5,11.1,0.92,L,11.1,12.7,9.8,11.2,10.6,11.7,35,45,80,2356,2585,4941,1.5,1.7,1.6,0.73,L,1.0,2.0,1.2,2.2,1.3,2.0,229,242,471,2190,2497,4687,10.5,9.7,10.0,0.70,L,9.2,11.7,8.5,10.9,9.2,10.9,486,502,988,1743,2450,4193,27.9,20.5,23.6,0.76,L,25.8,30.0,18.9,22.1,22.3,24.8
10,Princess-Rosethorn,463,412,875,4682,5002,9684,8.2,7.2,7.7,0.65,L,7.5,9.0,6.5,7.8,7.2,8.2,9.9,8.2,9.0,0.74,L,9.0,10.7,7.5,9.0,8.5,9.6,34,42,76,1792,1833,3625,1.9,2.3,2.1,0.95,NS,1.3,2.5,1.6,3.0,1.6,2.6,162,124,286,1667,1798,3465,9.7,6.9,8.3,0.58,L,8.3,11.1,5.7,8.1,7.3,9.2,267,246,513,1223,1371,2594,21.8,17.9,19.8,0.64,L,19.5,24.1,15.9,20.0,18.2,21.3
11,Eringate-Centennial-West Deane,1081,1025,2106,7864,8625,16489,11.7,10.1,10.8,0.92,L,11.0,12.3,9.5,10.7,10.4,11.3,13.7,11.9,12.8,1.06,H,13.0,14.5,11.2,12.6,12.3,13.3,67,68,135,3132,3135,6267,2.1,2.2,2.2,1.00,NS,1.6,2.6,1.7,2.7,1.8,2.5,382,341,723,2787,2957,5744,13.7,11.5,12.6,0.88,L,12.4,15.0,10.4,12.7,11.7,13.4,632,616,1248,1945,2533,4478,32.5,24.3,27.9,0.90,L,30.4,34.6,22.6,26.0,26.6,29.2
12,Markland Wood,537,505,1042,4270,5001,9271,9.3,7.5,8.3,0.70,L,8.6,10.1,6.8,8.1,7.8,8.8,12.6,10.1,11.2,0.93,L,11.6,13.6,9.3,10.9,10.6,11.9,26,22,48,1457,1552,3009,1.8,1.4,1.6,0.73,L,1.1,2.5,0.8,2.0,1.1,2.0,156,129,285,1503,1675,3178,10.4,7.7,9.0,0.63,L,8.8,11.9,6.4,9.0,8.0,10.0,355,354,709,1310,1774,3084,27.1,20.0,23.0,0.74,L,24.7,29.5,18.1,21.8,21.5,24.5
13,Etobicoke West Mall,690,697,1387,4909,5445,10354,13.9,12.1,12.9,1.09,H,13.0,14.8,11.3,12.9,12.3,13.5,14.1,12.8,13.4,1.11,H,13.1,15.0,11.9,13.7,12.7,14.1,64,71,135,2371,2383,4754,2.7,3.0,2.8,1.27,H,2.0,3.4,2.3,3.7,2.4,3.3,267,227,494,1543,1689,3232,17.3,13.4,15.3,1.07,NS,15.4,19.2,11.8,15.1,14.0,16.5,359,399,758,995,1373,2368,36.1,29.1,32.0,1.03,NS,33.1,39.1,26.7,31.5,30.1,33.9
15,Kingsway South,299,248,547,3750,4259,8009,6.1,4.5,5.3,0.45,L,5.4,6.7,4.0,5.1,4.8,5.7,8.0,5.8,6.8,0.56,L,7.1,8.8,5.1,6.5,6.3,7.4,–,–,–,1321,1417,2738,–,–,–,–,–,–,–,–,–,–,–,–,–,–,1400,1528,2928,–,–,–,–,–,–,–,–,–,–,–,199,176,375,1029,1314,2343,19.3,13.4,16.0,0.52,L,16.9,21.8,11.6,15.2,14.5,17.5
16,Stonegate-Queensway,947,891,1838,10496,11187,21683,7.9,7.3,7.6,0.64,L,7.4,8.4,6.8,7.7,7.3,7.9,9.0,8.0,8.5,0.70,L,8.5,9.6,7.5,8.5,8.1,8.8,53,84,137,4215,4371,8586,1.3,1.9,1.6,0.73,L,0.9,1.6,1.5,2.3,1.3,1.9,352,288,640,3968,4079,8047,8.9,7.1,8.0,0.56,L,8.0,9.8,6.3,7.8,7.4,8.5,542,519,1061,2313,2737,5050,23.4,19.0,21.0,0.68,L,21.7,25.2,17.5,20.4,19.9,22.1
18,New Toronto,566,541,1107,5116,5357,10473,10.8,9.9,10.4,0.88,L,10.0,11.6,9.2,10.7,9.8,10.9,11.1,10.1,10.6,0.88,L,10.2,11.9,9.3,10.9,10.0,11.2,38,54,92,2426,2424,4850,1.6,2.2,1.9,0.86,NS,1.1,2.1,1.6,2.8,1.5,2.3,222,182,404,1668,1717,3385,13.3,10.6,11.9,0.83,L,11.7,14.9,9.1,12.1,10.8,13.0,306,305,611,1022,1216,2238,29.9,25.1,27.3,0.88,L,27.1,32.7,22.6,27.5,25.5,29.1
19,Long Branch,492,427,919,4784,4837,9621,10.3,9.1,9.7,0.82,L,9.5,11.1,8.3,9.9,9.2,10.3,10.3,8.8,9.6,0.79,L,9.4,11.1,8.0,9.6,9.0,10.1,37,34,71,2268,2258,4526,1.6,1.5,1.6,0.73,L,1.1,2.2,1.0,2.0,1.2,1.9,198,164,362,1650,1591,3241,12.0,10.3,11.2,0.78,L,10.4,13.6,8.8,11.8,10.1,12.3,257,229,486,866,988,1854,29.7,23.2,26.2,0.85,L,26.6,32.7,20.5,25.8,24.2,28.2
20,Alderwood,669,626,1295,5454,5523,10977,11.0,10.2,10.6,0.90,L,10.3,11.8,9.4,10.9,10.1,11.1,12.3,11.3,11.8,0.98,NS,11.4,13.1,10.5,12.2,11.2,12.4,35,42,77,2338,2282,4620,1.5,1.8,1.7,0.77,L,1.0,2.0,1.3,2.4,1.3,2.0,244,183,427,1927,1809,3736,12.7,10.1,11.4,0.80,L,11.2,14.1,8.7,11.5,10.4,12.4,390,401,791,1189,1432,2621,32.8,28.0,30.2,0.97,NS,30.1,35.5,25.7,30.3,28.4,31.9
21,Humber Summit,964,978,1942,5004,5142,10146,18.2,17.5,17.8,1.51,H,17.2,19.1,16.6,18.5,17.2,18.5,19.3,19.0,19.1,1.58,H,18.2,20.4,17.9,20.1,18.4,19.9,71,77,148,2253,2155,4408,3.2,3.6,3.4,1.55,H,2.4,3.9,2.8,4.4,2.8,3.9,397,336,733,1644,1630,3274,24.1,20.6,22.4,1.57,H,22.1,26.2,18.6,22.6,21.0,23.8,496,565,1061,1107,1357,2464,44.8,41.6,43.1,1.39,H,41.9,47.7,39.0,44.3,41.1,45.0
22,Humbermede,1078,1161,2239,6521,7036,13557,16.4,17.0,16.7,1.42,H,15.5,17.2,16.2,17.9,16.1,17.3,16.5,16.5,16.5,1.36,H,15.6,17.4,15.6,17.4,15.9,17.1,88,124,212,3052,3276,6328,2.9,3.8,3.4,1.55,H,2.3,3.5,3.1,4.4,2.9,3.8,469,464,933,2226,2332,4558,21.1,19.9,20.5,1.43,H,19.4,22.8,18.3,21.5,19.3,21.6,521,573,1094,1243,1428,2671,41.9,40.1,41.0,1.32,H,39.2,44.7,37.6,42.7,39.1,42.8
23,Pelmo Park-Humberlea,694,694,1388,4668,5024,9692,14.6,13.6,14.0,1.19,H,13.6,15.5,12.7,14.4,13.4,14.7,14.9,13.8,14.3,1.18,H,13.8,15.9,12.9,14.8,13.6,15.0,55,50,105,2126,2187,4313,2.6,2.3,2.4,1.09,NS,1.9,3.3,1.7,2.9,2.0,2.9,315,275,590,1653,1731,3384,19.1,15.9,17.4,1.22,H,17.2,20.9,14.2,17.6,16.2,18.7,324,369,693,889,1106,1995,36.4,33.4,34.7,1.12,H,33.3,39.6,30.6,36.1,32.6,36.8
24,Black Creek,1456,1694,3150,8210,9125,17335,17.1,18.3,17.7,1.50,H,16.3,17.8,17.6,19.1,17.2,18.3,17.7,18.6,18.2,1.50,H,16.9,18.6,17.8,19.4,17.6,18.7,119,144,263,3698,4052,7750,3.2,3.6,3.4,1.55,H,2.6,3.8,3.0,4.1,3.0,3.8,636,644,1280,2882,3053,5935,22.1,21.1,21.6,1.51,H,20.6,23.6,19.6,22.5,20.5,22.6,701,906,1607,1630,2020,3650,43.0,44.9,44.0,1.42,H,40.6,45.4,42.7,47.0,42.4,45.6
25,Glenfield-Jane Heights,2027,2365,4392,11424,12792,24216,16.2,17.2,16.7,1.42,H,15.6,16.8,16.6,17.8,16.3,17.1,17.7,18.5,18.1,1.50,H,17.0,18.4,17.8,19.2,17.7,18.6,126,199,325,4904,5271,10175,2.6,3.8,3.2,1.45,H,2.1,3.0,3.3,4.3,2.9,3.5,825,861,1686,3990,4325,8315,20.7,19.9,20.3,1.42,H,19.4,21.9,18.7,21.1,19.4,21.1,1076,1305,2381,2530,3196,5726,42.5,40.8,41.6,1.34,H,40.6,44.5,39.1,42.5,40.3,42.9
27,York University Heights,1704,1819,3523,12569,13002,25571,15.6,15.6,15.6,1.32,H,15.0,16.2,15.0,16.2,15.1,16.0,13.6,14.0,13.8,1.14,H,13.0,14.2,13.4,14.6,13.4,14.2,161,203,364,6947,6631,13578,2.3,3.1,2.7,1.23,H,2.0,2.7,2.6,3.5,2.4,3.0,727,757,1484,3643,4008,7651,20.0,18.9,19.4,1.36,H,18.7,21.3,17.7,20.1,18.5,20.3,816,859,1675,1979,2363,4342,41.2,36.4,38.6,1.25,H,39.1,43.4,34.4,38.3,37.1,40.0
28,Rustic,455,512,967,2590,2940,5530,16.3,15.3,15.7,1.33,H,15.0,17.6,14.1,16.5,14.8,16.6,17.6,17.4,17.5,1.45,H,16.1,19.0,16.0,18.8,16.5,18.5,26,29,55,1125,1133,2258,2.3,2.6,2.4,1.09,NS,1.4,3.2,1.6,3.5,1.8,3.1,198,180,378,886,996,1882,22.3,18.1,20.1,1.41,H,19.6,25.1,15.7,20.5,18.3,21.9,231,303,534,579,811,1390,39.9,37.4,38.4,1.24,H,35.9,43.9,34.0,40.7,35.9,41.0
29,Maple Leaf,841,1075,1916,5216,6034,11250,14.8,16.0,15.4,1.31,H,13.9,15.7,15.1,16.8,14.8,16.0,16.1,17.8,17.0,1.40,H,15.1,17.1,16.9,18.8,16.3,17.7,60,75,135,2281,2371,4652,2.6,3.2,2.9,1.32,H,2.0,3.3,2.5,3.9,2.4,3.4,317,385,702,1813,2053,3866,17.5,18.8,18.2,1.27,H,15.7,19.2,17.1,20.4,16.9,19.4,464,615,1079,1122,1610,2732,41.4,38.2,39.5,1.27,H,38.5,44.2,35.8,40.6,37.7,41.3
30,Brookhaven-Amesbury,1003,1129,2132,6363,7167,13530,15.3,15.6,15.4,1.31,H,14.5,16.1,14.8,16.4,14.9,16.0,15.8,15.8,15.8,1.31,H,14.9,16.7,14.9,16.6,15.1,16.4,79,99,178,2943,3077,6020,2.7,3.2,3.0,1.36,H,2.1,3.3,2.6,3.8,2.5,3.4,410,459,869,2150,2582,4732,19.1,17.8,18.4,1.29,H,17.4,20.7,16.3,19.3,17.3,19.5,514,571,1085,1270,1508,2778,40.5,37.9,39.1,1.26,H,37.8,43.2,35.4,40.3,37.2,40.9
31,Yorkdale-Glen Park,1002,1174,2176,6611,7677,14288,14.1,13.3,13.6,1.15,H,13.3,14.9,12.6,14.0,13.1,14.2,15.2,15.3,15.2,1.26,H,14.3,16.0,14.5,16.1,14.6,15.8,64,76,140,3083,3185,6268,2.1,2.4,2.2,1.00,NS,1.6,2.6,1.9,2.9,1.9,2.6,343,322,665,2069,2294,4363,16.6,14.0,15.2,1.06,NS,15.0,18.2,12.6,15.5,14.2,16.3,595,776,1371,1459,2198,3657,40.8,35.3,37.5,1.21,H,38.3,43.3,33.3,37.3,35.9,39.1
32,Englemount-Lawrence,1068,1321,2389,8259,10516,18775,12.7,11.8,12.2,1.03,NS,12.1,13.4,11.2,12.4,11.7,12.6,12.9,12.6,12.7,1.05,H,12.2,13.7,11.9,13.2,12.2,13.2,77,98,175,4048,4567,8615,1.9,2.1,2.0,0.91,NS,1.5,2.3,1.7,2.6,1.7,2.3,402,454,856,2463,3225,5688,16.3,14.1,15.0,1.05,NS,14.9,17.8,12.9,15.3,14.1,16.0,589,769,1358,1748,2724,4472,33.7,28.2,30.4,0.98,NS,31.5,35.9,26.5,29.9,29.0,31.7
33,Clanton Park,574,614,1188,5488,6123,11611,10.7,10.6,10.7,0.91,L,9.9,11.5,9.9,11.4,10.1,11.2,10.5,10.0,10.2,0.84,L,9.6,11.3,9.3,10.8,9.7,10.8,47,63,110,2718,2903,5621,1.7,2.2,2.0,0.91,NS,1.2,2.2,1.6,2.7,1.6,2.3,221,247,468,1772,2062,3834,12.5,12.0,12.2,0.85,L,10.9,14.0,10.6,13.4,11.2,13.2,306,304,610,998,1158,2156,30.7,26.3,28.3,0.91,L,27.8,33.5,23.7,28.8,26.4,30.2
34,Bathurst Manor,1213,1260,2473,8895,10335,19230,12.8,11.3,12.0,1.02,NS,12.1,13.4,10.8,11.9,11.5,12.4,13.6,12.2,12.9,1.07,H,12.9,14.4,11.6,12.8,12.4,13.3,69,104,173,3983,4227,8210,1.7,2.5,2.1,0.95,NS,1.3,2.1,2.0,2.9,1.8,2.4,481,461,942,3037,3564,6601,15.8,12.9,14.3,1.00,NS,14.5,17.1,11.8,14.0,13.4,15.1,663,695,1358,1875,2544,4419,35.4,27.3,30.7,0.99,NS,33.2,37.5,25.6,29.1,29.4,32.1
35,Westminster-Branson,1624,1765,3389,11146,13330,24476,13.2,11.8,12.4,1.05,H,12.6,13.8,11.3,12.3,12.0,12.8,14.6,13.2,13.8,1.14,H,13.9,15.2,12.7,13.8,13.4,14.3,109,134,243,4915,5249,10164,2.2,2.6,2.4,1.09,NS,1.8,2.6,2.1,3.0,2.1,2.7,591,598,1189,3620,4504,8124,16.3,13.3,14.6,1.02,NS,15.1,17.5,12.3,14.3,13.9,15.4,924,1033,1957,2611,3577,6188,35.4,28.9,31.6,1.02,NS,33.6,37.2,27.4,30.4,30.5,32.8
36,Newtonbrook West,1484,1478,2962,11674,13046,24720,12.3,10.8,11.5,0.97,NS,11.8,12.9,10.3,11.3,11.1,11.9,12.7,11.3,12.0,0.99,NS,12.1,13.3,10.8,11.9,11.6,12.4,96,96,192,5535,5700,11235,1.7,1.7,1.7,0.77,L,1.4,2.1,1.4,2.0,1.5,1.9,571,506,1077,3724,4271,7995,15.3,11.8,13.5,0.94,L,14.2,16.5,10.9,12.8,12.7,14.2,817,876,1693,2415,3075,5490,33.8,28.5,30.8,0.99,NS,31.9,35.7,26.9,30.1,29.6,32.1
37,Willowdale West,772,775,1547,7082,8132,15214,10.0,8.3,9.1,0.77,L,9.3,10.7,7.8,8.9,8.7,9.5,10.9,9.5,10.2,0.84,L,10.2,11.6,8.9,10.2,9.7,10.6,58,54,112,3371,3558,6929,1.7,1.5,1.6,0.73,L,1.3,2.2,1.1,1.9,1.3,1.9,230,172,402,2084,2342,4426,11.0,7.3,9.1,0.64,L,9.7,12.4,6.3,8.4,8.2,9.9,484,549,1033,1627,2232,3859,29.7,24.6,26.8,0.86,L,27.5,32.0,22.8,26.4,25.4,28.2
38,Lansing-Westgate,588,513,1101,6275,7089,13364,9.3,7.5,8.4,0.71,L,8.6,10.0,6.9,8.1,7.9,8.8,9.4,7.2,8.2,0.68,L,8.6,10.1,6.6,7.8,7.8,8.7,58,39,97,3081,3420,6501,1.9,1.1,1.5,0.68,L,1.4,2.4,0.8,1.5,1.2,1.8,196,166,362,2007,2209,4216,9.8,7.5,8.6,0.60,L,8.5,11.1,6.4,8.6,7.7,9.4,334,308,642,1187,1460,2647,28.1,21.1,24.3,0.78,L,25.6,30.7,19.0,23.2,22.6,25.9
39,Bedford Park-Nortown,861,750,1611,9119,10602,19721,8.0,6.2,7.0,0.59,L,7.5,8.5,5.8,6.6,6.7,7.4,9.4,7.1,8.2,0.68,L,8.8,10.0,6.6,7.6,7.8,8.6,45,48,93,3720,4041,7761,1.2,1.2,1.2,0.55,L,0.9,1.6,0.9,1.5,1.0,1.4,282,242,524,3179,3774,6953,8.9,6.4,7.5,0.52,L,7.9,9.9,5.6,7.2,6.9,8.2,534,460,994,2220,2787,5007,24.1,16.5,19.9,0.64,L,22.3,25.8,15.1,17.9,18.7,21.0
40,St.Andrew-Windfields,778,664,1442,7185,7953,15138,9.0,7.2,8.0,0.68,L,8.4,9.6,6.7,7.7,7.6,8.4,10.8,8.3,9.5,0.79,L,10.1,11.5,7.7,9.0,9.1,10.0,50,48,98,2805,2861,5666,1.8,1.7,1.7,0.77,L,1.3,2.3,1.2,2.1,1.4,2.1,266,219,485,2472,2915,5387,10.8,7.5,9.0,0.63,L,9.5,12.0,6.6,8.5,8.2,9.8,462,397,859,1908,2177,4085,24.2,18.2,21.0,0.68,L,22.3,26.1,16.6,19.9,19.8,22.3
41,Bridle Path-Sunnybrook-York Mills,342,231,573,3894,4377,8271,6.4,4.4,5.4,0.46,L,5.7,7.1,3.8,4.9,5.0,5.8,8.8,5.3,6.9,0.57,L,7.9,9.7,4.6,5.9,6.4,7.5,17,15,32,1380,1516,2896,1.2,1.0,1.1,0.50,L,0.6,1.8,0.5,1.5,0.7,1.5,85,64,149,1325,1632,2957,6.4,3.9,5.0,0.35,L,5.1,7.7,3.0,4.9,4.3,5.8,240,152,392,1189,1229,2418,20.2,12.4,16.2,0.52,L,17.9,22.5,10.5,14.2,14.7,17.7
42,Banbury-Don Mills,1591,1612,3203,11830,13897,25727,10.8,9.1,9.8,0.83,L,10.3,11.3,8.6,9.5,9.5,10.2,13.4,11.6,12.4,1.02,NS,12.8,14.1,11.1,12.1,12.0,12.9,105,99,204,4466,4708,9174,2.4,2.1,2.2,1.00,NS,1.9,2.8,1.7,2.5,1.9,2.5,501,422,923,3995,4480,8475,12.5,9.4,10.9,0.76,L,11.5,13.6,8.6,10.3,10.2,11.6,985,1091,2076,3369,4709,8078,29.2,23.2,25.7,0.83,L,27.7,30.8,22.0,24.4,24.7,26.7
43,Victoria Village,1148,1225,2373,7095,8099,15194,14.7,13.4,14.0,1.19,H,13.9,15.5,12.7,14.1,13.5,14.5,16.2,15.1,15.6,1.29,H,15.3,17.0,14.3,15.9,15.0,16.2,94,98,192,3061,3246,6307,3.1,3.0,3.0,1.36,H,2.5,3.7,2.4,3.6,2.6,3.5,440,395,835,2414,2584,4998,18.2,15.3,16.7,1.17,H,16.7,19.8,13.9,16.7,15.7,17.7,614,732,1346,1620,2269,3889,37.9,32.3,34.6,1.12,H,35.5,40.3,30.3,34.2,33.1,36.1
44,Flemingdon Park,1337,1415,2752,8713,9702,18415,16.5,15.0,15.6,1.32,H,15.7,17.2,14.3,15.7,15.1,16.2,15.3,14.6,14.9,1.23,H,14.6,16.1,13.9,15.3,14.4,15.5,115,142,257,4493,4598,9091,2.6,3.1,2.8,1.27,H,2.1,3.0,2.6,3.6,2.5,3.2,603,550,1153,2665,2986,5651,22.6,18.4,20.4,1.43,H,21.0,24.2,17.0,19.8,19.4,21.5,619,723,1342,1555,2118,3673,39.8,34.1,36.5,1.18,H,37.4,42.2,32.1,36.2,35.0,38.1
46,Pleasant View,1018,974,1992,7179,7828,15007,12.8,11.2,12.0,1.02,NS,12.1,13.5,10.6,11.9,11.5,12.5,14.2,12.4,13.3,1.10,H,13.4,15.0,11.7,13.2,12.7,13.8,76,63,139,3131,3194,6325,2.4,2.0,2.2,1.00,NS,1.9,3.0,1.5,2.5,1.8,2.6,374,325,699,2376,2565,4941,15.7,12.7,14.1,0.99,NS,14.3,17.2,11.4,14.0,13.2,15.1,568,586,1154,1672,2069,3741,34.0,28.3,30.8,0.99,NS,31.7,36.2,26.4,30.3,29.4,32.3
47,Don Valley Village,1315,1347,2662,10051,11451,21502,12.2,10.8,11.4,0.97,NS,11.6,12.8,10.2,11.3,11.0,11.8,13.1,11.8,12.4,1.02,NS,12.4,13.7,11.2,12.4,11.9,12.8,81,93,174,4677,4858,9535,1.7,1.9,1.8,0.82,L,1.4,2.1,1.5,2.3,1.6,2.1,468,430,898,3144,3565,6709,14.9,12.1,13.4,0.94,L,13.6,16.1,11.0,13.1,12.6,14.2,766,824,1590,2230,3028,5258,34.3,27.2,30.2,0.97,NS,32.4,36.3,25.6,28.8,29.0,31.5
48,Hillcrest Village,1092,1220,2312,7059,8317,15376,11.7,11.0,11.3,0.96,L,11.0,12.3,10.4,11.6,10.8,11.7,15.5,14.7,15.0,1.24,H,14.6,16.3,13.9,15.4,14.5,15.6,60,58,118,2666,2653,5319,2.3,2.2,2.2,1.00,NS,1.7,2.8,1.6,2.7,1.8,2.6,283,318,601,2178,2618,4796,13.0,12.1,12.5,0.87,L,11.6,14.4,10.9,13.4,11.6,13.5,749,844,1593,2215,3046,5261,33.8,27.7,30.3,0.98,NS,31.8,35.8,26.1,29.3,29.0,31.5
49,Bayview Woods-Steeles,860,893,1753,6139,7367,13506,11.0,9.5,10.2,0.86,L,10.3,11.7,8.9,10.1,9.7,10.6,14.0,12.1,13.0,1.07,H,13.1,14.9,11.4,12.9,12.4,13.5,48,46,94,2432,2595,5027,2.0,1.8,1.9,0.86,NS,1.4,2.5,1.3,2.3,1.5,2.2,235,237,472,1884,2275,4159,12.5,10.4,11.3,0.79,L,11.0,14.0,9.2,11.7,10.4,12.3,577,610,1187,1823,2497,4320,31.7,24.4,27.5,0.89,L,29.5,33.8,22.7,26.1,26.1,28.8
50,Newtonbrook East,747,682,1429,5829,6328,12157,11.4,9.2,10.2,0.86,L,10.6,12.2,8.5,9.8,9.7,10.7,12.8,10.8,11.8,0.98,NS,12.0,13.7,10.0,11.5,11.2,12.3,46,37,83,2638,2620,5258,1.7,1.4,1.6,0.73,L,1.2,2.2,1.0,1.9,1.2,1.9,240,156,396,1724,1941,3665,13.9,8.0,10.8,0.76,L,12.3,15.6,6.8,9.2,9.8,11.8,461,489,950,1467,1767,3234,31.4,27.7,29.4,0.95,L,29.0,33.8,25.6,29.8,27.8,30.9
52,Bayview Village,897,805,1702,9021,10537,19558,9.6,7.4,8.4,0.71,L,9.0,10.2,6.9,7.9,8.0,8.8,9.9,7.6,8.7,0.72,L,9.3,10.6,7.1,8.1,8.3,9.1,72,68,140,4521,4994,9515,1.6,1.4,1.5,0.68,L,1.2,2.0,1.0,1.7,1.2,1.7,289,223,512,2502,2958,5460,11.6,7.5,9.4,0.66,L,10.3,12.8,6.6,8.5,8.6,10.2,536,514,1050,1998,2585,4583,26.8,19.9,22.9,0.74,L,24.9,28.8,18.3,21.4,21.7,24.1
53,Henry Farm,876,870,1746,9396,10368,19764,12.9,11.4,12.1,1.03,NS,12.2,13.7,10.7,12.1,11.6,12.6,9.3,8.4,8.8,0.73,L,8.7,9.9,7.9,8.9,8.4,9.2,154,127,281,6121,6425,12546,2.5,2.0,2.2,1.00,NS,2.1,2.9,1.6,2.3,2.0,2.5,347,326,673,2165,2475,4640,16.0,13.2,14.5,1.01,NS,14.5,17.6,11.8,14.5,13.5,15.5,375,417,792,1110,1468,2578,33.8,28.4,30.7,0.99,NS,31.0,36.6,26.1,30.7,28.9,32.5
54,O'Connor-Parkview,1032,1003,2035,7895,8483,16378,12.4,11.2,11.8,1.00,NS,11.8,13.1,10.6,11.9,11.4,12.3,13.1,11.8,12.4,1.02,NS,12.3,13.8,11.1,12.5,11.9,12.9,86,85,171,3468,3543,7011,2.5,2.4,2.4,1.09,NS,2.0,3.0,1.9,2.9,2.1,2.8,448,370,818,2870,2969,5839,15.6,12.5,14.0,0.98,NS,14.3,16.9,11.3,13.7,13.1,14.9,498,548,1046,1557,1971,3528,32.0,27.8,29.6,0.95,NS,29.7,34.3,25.8,29.8,28.1,31.2
55,Thorncliffe Park,1350,1236,2586,8165,8590,16755,18.5,16.0,17.2,1.46,H,17.6,19.3,15.2,16.8,16.7,17.8,16.5,14.4,15.4,1.27,H,15.7,17.3,13.6,15.1,14.9,16.0,161,168,329,4287,4491,8778,3.8,3.7,3.7,1.68,H,3.2,4.3,3.2,4.3,3.4,4.1,686,487,1173,2663,2444,5107,25.8,19.9,23.0,1.61,H,24.1,27.4,18.3,21.5,21.8,24.1,503,581,1084,1215,1655,2870,41.4,35.1,37.8,1.22,H,38.6,44.2,32.8,37.4,36.0,39.5
56,Leaside-Bennington,504,431,935,6764,7841,14605,6.3,4.7,5.5,0.47,L,5.8,6.8,4.3,5.2,5.1,5.8,7.5,5.5,6.4,0.53,L,6.8,8.1,5.0,6.0,6.0,6.8,44,22,66,2479,2712,5191,1.8,0.8,1.3,0.59,L,1.3,2.3,0.5,1.1,1.0,1.6,173,163,336,2713,3082,5795,6.4,5.3,5.8,0.41,L,5.5,7.3,4.5,6.1,5.2,6.4,287,246,533,1572,2047,3619,18.3,12.0,14.7,0.47,L,16.3,20.2,10.6,13.4,13.6,15.9
57,Broadview North,514,531,1045,4659,5309,9968,10.5,9.5,10.0,0.85,L,9.7,11.3,8.8,10.3,9.4,10.5,11.0,10.0,10.5,0.87,L,10.1,11.9,9.2,10.8,9.9,11.1,51,36,87,2074,2289,4363,2.5,1.6,2.0,0.91,NS,1.8,3.1,1.1,2.1,1.6,2.4,185,175,360,1678,1786,3464,11.0,9.8,10.4,0.73,L,9.5,12.5,8.4,11.2,9.4,11.4,278,320,598,907,1234,2141,30.7,25.9,27.9,0.90,L,27.7,33.7,23.5,28.4,26.0,29.8
58,Old East York,429,398,827,3850,4038,7888,10.0,8.9,9.4,0.80,L,9.2,10.9,8.1,9.7,8.8,10.0,11.1,9.9,10.5,0.87,L,10.1,12.1,8.9,10.8,9.8,11.2,27,26,53,1580,1578,3158,1.7,1.6,1.7,0.77,L,1.1,2.3,1.0,2.3,1.2,2.1,162,134,296,1466,1448,2914,11.1,9.3,10.2,0.71,L,9.4,12.7,7.8,10.7,9.1,11.3,240,238,478,804,1012,1816,29.9,23.5,26.3,0.85,L,26.7,33.0,20.9,26.1,24.3,28.3
59,Danforth-East York,708,746,1454,6918,7620,14538,9.4,9.1,9.2,0.78,L,8.7,10.0,8.5,9.7,8.8,9.6,10.2,9.8,10.0,0.83,L,9.5,10.9,9.1,10.5,9.5,10.5,61,58,119,2958,3186,6144,2.1,1.8,1.9,0.86,NS,1.6,2.6,1.4,2.3,1.6,2.3,221,202,423,2561,2639,5200,8.6,7.7,8.1,0.57,L,7.5,9.7,6.6,8.7,7.4,8.9,426,486,912,1399,1795,3194,30.5,27.1,28.6,0.92,L,28.0,32.9,25.0,29.1,27.0,30.1
60,Woodbine-Lumsden,339,372,711,3345,3583,6928,9.8,10.2,10.0,0.85,L,8.8,10.7,9.3,11.1,9.3,10.6,10.1,10.4,10.3,0.85,L,9.1,11.2,9.4,11.4,9.5,11.0,27,33,60,1528,1577,3105,1.8,2.1,1.9,0.86,NS,1.1,2.4,1.4,2.8,1.4,2.4,122,115,237,1184,1229,2413,10.3,9.4,9.8,0.69,L,8.6,12.0,7.7,11.0,8.6,11.0,190,224,414,633,777,1410,30.0,28.8,29.4,0.95,NS,26.4,33.6,25.6,32.0,27.0,31.7
61,Taylor-Massey,1096,973,2069,7793,7101,14894,15.1,15.2,15.2,1.29,H,14.4,15.9,14.4,16.1,14.6,15.8,14.1,13.7,13.9,1.15,H,13.3,14.8,12.9,14.5,13.3,14.4,153,130,283,3911,3615,7526,3.9,3.6,3.8,1.73,H,3.3,4.5,3.0,4.2,3.3,4.2,513,406,919,2707,2216,4923,19.0,18.3,18.7,1.31,H,17.5,20.4,16.7,19.9,17.6,19.8,430,437,867,1175,1270,2445,36.6,34.4,35.5,1.15,H,33.8,39.4,31.8,37.0,33.6,37.4
62,East End-Danforth,905,859,1764,9297,10033,19330,9.5,8.8,9.1,0.77,L,9.0,10.1,8.2,9.3,8.8,9.5,9.7,8.6,9.1,0.75,L,9.1,10.3,8.0,9.1,8.7,9.5,81,84,165,4191,4456,8647,1.9,1.9,1.9,0.86,NS,1.5,2.3,1.5,2.3,1.6,2.2,364,334,698,3420,3623,7043,10.6,9.2,9.9,0.69,L,9.6,11.7,8.3,10.2,9.2,10.6,460,441,901,1686,1954,3640,27.3,22.6,24.8,0.80,L,25.2,29.4,20.7,24.4,23.4,26.2
63,The Beaches,585,500,1085,8831,10059,18890,5.8,4.6,5.2,0.44,L,5.3,6.2,4.2,5.0,4.9,5.5,6.6,5.0,5.7,0.47,L,6.1,7.1,4.5,5.4,5.4,6.1,35,37,72,3429,4047,7476,1.0,0.9,1.0,0.45,L,0.7,1.4,0.6,1.2,0.7,1.2,217,164,381,3487,3673,7160,6.2,4.5,5.3,0.37,L,5.4,7.0,3.8,5.1,4.8,5.8,333,299,632,1915,2339,4254,17.4,12.8,14.9,0.48,L,15.7,19.1,11.4,14.1,13.8,15.9
64,Woodbine Corridor,436,464,900,5154,5487,10641,8.4,8.5,8.5,0.72,L,7.7,9.2,7.8,9.3,8.0,9.0,8.5,8.5,8.5,0.70,L,7.7,9.2,7.7,9.2,7.9,9.0,34,41,75,2282,2389,4671,1.5,1.7,1.6,0.73,L,1.0,2.0,1.2,2.2,1.2,2.0,187,180,367,2015,2005,4020,9.3,9.0,9.1,0.64,L,8.0,10.5,7.7,10.2,8.2,10.0,215,243,458,857,1093,1950,25.1,22.2,23.5,0.76,L,22.2,28.0,19.8,24.7,21.6,25.4
65,Greenwood-Coxwell,545,571,1116,5907,6135,12042,9.7,10.0,9.8,0.83,L,9.0,10.5,9.2,10.7,9.3,10.4,9.2,9.3,9.3,0.77,L,8.5,10.0,8.6,10.0,8.7,9.8,54,45,99,2888,2936,5824,1.9,1.5,1.7,0.77,L,1.4,2.4,1.1,2.0,1.4,2.0,235,211,446,2070,2047,4117,11.4,10.3,10.8,0.76,L,10.0,12.7,9.0,11.6,9.9,11.8,256,315,571,949,1152,2101,27.0,27.3,27.2,0.88,L,24.2,29.8,24.8,29.9,25.3,29.1
66,Danforth,399,367,766,3954,4146,8100,9.0,8.5,8.8,0.75,L,8.2,9.8,7.7,9.3,8.2,9.3,10.1,8.9,9.5,0.79,L,9.2,11.0,8.0,9.7,8.8,10.1,19,32,51,1748,1861,3609,1.1,1.7,1.4,0.64,L,0.6,1.6,1.1,2.3,1.0,1.8,120,91,211,1348,1340,2688,8.9,6.8,7.8,0.55,L,7.4,10.4,5.4,8.1,6.8,8.9,260,244,504,858,945,1803,30.3,25.8,28.0,0.90,L,27.2,33.4,23.0,28.6,25.9,30.0
67,Playter Estates-Danforth,288,276,564,3427,3556,6983,7.2,6.9,7.1,0.60,L,6.4,8.0,6.1,7.7,6.5,7.6,8.4,7.8,8.1,0.67,L,7.5,9.3,6.9,8.6,7.4,8.7,21,17,38,1445,1492,2937,1.5,1.1,1.3,0.59,L,0.8,2.1,0.6,1.7,0.9,1.7,81,75,156,1194,1126,2320,6.8,6.7,6.7,0.47,L,5.4,8.2,5.2,8.1,5.7,7.7,186,184,370,788,938,1726,23.6,19.6,21.4,0.69,L,20.6,26.6,17.1,22.2,19.5,23.4
68,North Riverdale,412,386,798,5048,5307,10355,7.3,6.7,7.0,0.59,L,6.6,7.9,6.1,7.3,6.5,7.4,8.2,7.3,7.7,0.64,L,7.4,8.9,6.6,8.0,7.2,8.2,31,24,55,2150,2163,4313,1.4,1.1,1.3,0.59,L,0.9,1.9,0.7,1.6,0.9,1.6,118,119,237,1829,1882,3711,6.5,6.3,6.4,0.45,L,5.3,7.6,5.2,7.4,5.6,7.2,263,243,506,1069,1262,2331,24.6,19.3,21.7,0.70,L,22.0,27.2,17.1,21.4,20.0,23.4
69,Blake-Jones,291,295,586,3236,3414,6650,9.5,9.6,9.6,0.81,L,8.5,10.5,8.6,10.6,8.9,10.3,9.0,8.6,8.8,0.73,L,8.0,10.0,7.7,9.6,8.1,9.5,30,32,62,1579,1632,3211,1.9,2.0,1.9,0.86,NS,1.2,2.6,1.3,2.6,1.5,2.4,121,128,249,1143,1232,2375,10.6,10.4,10.5,0.73,L,8.8,12.4,8.7,12.1,9.3,11.7,140,135,275,514,550,1064,27.2,24.5,25.8,0.83,L,23.4,31.1,20.9,28.1,23.2,28.5
70,South Riverdale,1118,1059,2177,12439,12410,24849,9.4,9.6,9.5,0.81,L,9.0,9.9,9.1,10.1,9.2,9.9,9.0,8.5,8.8,0.73,L,8.5,9.5,8.0,9.0,8.4,9.1,81,109,190,6057,6180,12237,1.3,1.8,1.6,0.73,L,1.0,1.6,1.4,2.1,1.3,1.8,423,327,750,4373,4077,8450,9.7,8.0,8.9,0.62,L,8.8,10.5,7.2,8.9,8.3,9.5,614,623,1237,2009,2153,4162,30.6,28.9,29.7,0.96,NS,28.5,32.6,27.0,30.9,28.3,31.1
71,Cabbagetown-South St.James Town,660,453,1113,6599,5025,11624,9.2,8.6,9.0,0.76,L,8.6,9.9,7.8,9.3,8.5,9.5,10.0,9.0,9.6,0.79,L,9.3,10.7,8.2,9.8,9.0,10.1,55,40,95,2779,2286,5065,2.0,1.7,1.9,0.86,NS,1.5,2.5,1.2,2.3,1.5,2.2,262,135,397,2469,1470,3939,10.6,9.2,10.1,0.71,L,9.4,11.8,7.7,10.7,9.1,11.0,343,278,621,1351,1269,2620,25.4,21.9,23.7,0.76,L,23.1,27.7,19.6,24.2,22.1,25.3
72,Regent Park,725,655,1380,5892,5670,11562,15.3,15.0,15.2,1.29,H,14.3,16.2,14.0,16.0,14.5,15.9,12.3,11.6,11.9,0.98,NS,11.5,13.1,10.7,12.4,11.3,12.5,74,92,166,3378,3296,6674,2.2,2.8,2.5,1.14,NS,1.7,2.7,2.2,3.4,2.1,2.9,344,330,674,1757,1634,3391,19.6,20.2,19.9,1.39,H,17.7,21.4,18.2,22.1,18.5,21.2,307,233,540,757,740,1497,40.6,31.5,36.1,1.16,H,37.1,44.1,28.1,34.8,33.6,38.5
73,Moss Park,1056,697,1753,12311,9526,21837,10.3,10.2,10.3,0.87,L,9.7,10.8,9.5,10.9,9.9,10.8,8.6,7.3,8.0,0.66,L,8.1,9.1,6.8,7.8,7.7,8.4,89,106,195,6745,5932,12677,1.3,1.8,1.5,0.68,L,1.0,1.6,1.4,2.1,1.3,1.8,529,287,816,3960,2354,6314,13.4,12.2,12.9,0.90,L,12.3,14.4,10.9,13.5,12.1,13.8,438,304,742,1606,1240,2846,27.3,24.5,26.1,0.84,L,25.1,29.5,22.1,26.9,24.5,27.7
74,North St.James Town,1056,992,2048,9141,7868,17009,14.5,15.5,15.0,1.27,H,13.8,15.3,14.7,16.3,14.4,15.6,11.6,12.6,12.0,0.99,NS,10.9,12.2,11.9,13.3,11.6,12.5,148,132,280,5311,4444,9755,2.8,3.0,2.9,1.32,H,2.3,3.2,2.5,3.5,2.5,3.2,515,421,936,2757,2179,4936,18.7,19.3,19.0,1.33,H,17.2,20.1,17.7,21.0,17.9,20.1,393,439,832,1073,1245,2318,36.6,35.3,35.9,1.16,H,33.7,39.5,32.6,37.9,33.9,37.8
78,Kensington-Chinatown,834,952,1786,8927,9001,17928,11.2,12.1,11.6,0.98,NS,10.5,11.8,11.4,12.8,11.2,12.1,9.3,10.6,10.0,0.83,L,8.7,9.9,9.9,11.2,9.5,10.4,73,68,141,5367,5011,10378,1.4,1.4,1.4,0.64,L,1.1,1.7,1.0,1.7,1.1,1.6,261,294,555,2120,2161,4281,12.3,13.6,13.0,0.91,L,10.9,13.7,12.2,15.1,12.0,14.0,500,590,1090,1440,1829,3269,34.7,32.3,33.3,1.07,H,32.3,37.2,30.1,34.4,31.7,35.0
79,University,269,270,539,4348,4603,8951,7.7,7.0,7.3,0.62,L,6.8,8.5,6.2,7.8,6.7,7.9,6.2,5.9,6.0,0.50,L,5.5,6.9,5.2,6.5,5.5,6.5,–,–,–,2668,2749,5417,–,–,–,–,–,–,–,–,–,–,–,–,–,–,1029,966,1995,–,–,–,–,–,–,–,–,–,–,–,156,193,349,651,888,1539,24.0,21.7,22.7,0.73,L,20.7,27.2,19.0,24.4,20.6,24.8
80,Palmerston-Little Italy,457,467,924,6216,6573,12789,8.3,8.3,8.3,0.70,L,7.6,8.9,7.6,9.0,7.8,8.8,7.4,7.1,7.2,0.60,L,6.7,8.0,6.5,7.7,6.8,7.7,31,43,74,3523,3817,7340,0.9,1.1,1.0,0.45,L,0.6,1.2,0.8,1.5,0.8,1.2,128,94,222,1675,1555,3230,7.6,6.0,6.9,0.48,L,6.4,8.9,4.9,7.2,6.0,7.7,298,330,628,1018,1201,2219,29.3,27.5,28.3,0.91,L,26.5,32.1,25.0,30.0,26.4,30.2
81,Trinity-Bellwoods,605,653,1258,6992,7287,14279,9.7,10.2,10.0,0.85,L,9.0,10.4,9.5,10.9,9.5,10.5,8.7,9.0,8.8,0.73,L,8.0,9.3,8.3,9.6,8.3,9.3,36,44,80,3758,3996,7754,1.0,1.1,1.0,0.45,L,0.6,1.3,0.8,1.4,0.8,1.3,217,155,372,2132,1927,4059,10.2,8.0,9.2,0.64,L,8.9,11.5,6.8,9.3,8.3,10.1,352,454,806,1102,1364,2466,31.9,33.3,32.7,1.05,NS,29.2,34.7,30.8,35.8,30.8,34.5
83,Dufferin Grove,554,489,1043,5596,5945,11541,11.0,9.5,10.3,0.87,L,10.2,11.8,8.8,10.3,9.7,10.9,9.9,8.2,9.0,0.74,L,9.1,10.7,7.5,8.9,8.5,9.6,31,32,63,3052,3309,6361,1.0,1.0,1.0,0.45,L,0.7,1.4,0.6,1.3,0.7,1.2,203,129,332,1608,1529,3137,12.6,8.4,10.6,0.74,L,11.0,14.2,7.0,9.8,9.5,11.7,320,328,648,936,1107,2043,34.2,29.6,31.7,1.02,NS,31.1,37.2,26.9,32.3,29.7,33.7
84,Little Portugal,610,584,1194,7645,8213,15858,10.7,10.3,10.5,0.89,L,10.0,11.5,9.6,11.0,10.0,11.1,8.0,7.1,7.5,0.62,L,7.4,8.6,6.6,7.7,7.1,7.9,59,60,119,4764,5292,10056,1.2,1.1,1.2,0.55,L,0.9,1.6,0.8,1.4,1.0,1.4,202,147,349,1932,1795,3727,10.5,8.2,9.4,0.66,L,9.1,11.8,6.9,9.5,8.4,10.3,349,377,726,949,1126,2075,36.8,33.5,35.0,1.13,H,33.7,39.8,30.7,36.2,32.9,37.0
85,South Parkdale,1143,1062,2205,10519,10393,20912,12.7,12.6,12.7,1.08,H,12.0,13.3,12.0,13.3,12.2,13.1,10.9,10.2,10.5,0.87,L,10.3,11.5,9.6,10.8,10.1,11.0,115,107,222,5750,5889,11639,2.0,1.8,1.9,0.86,NS,1.6,2.4,1.5,2.2,1.7,2.2,523,392,915,3266,2812,6078,16.0,13.9,15.1,1.06,NS,14.8,17.3,12.7,15.2,14.2,16.0,505,563,1068,1503,1692,3195,33.6,33.3,33.4,1.08,H,31.2,36.0,31.0,35.5,31.8,35.1
86,Roncesvalles,542,455,997,6548,6791,13339,8.5,7.9,8.3,0.70,L,7.9,9.2,7.3,8.6,7.8,8.7,8.3,6.7,7.5,0.62,L,7.6,8.9,6.1,7.3,7.0,7.9,42,36,78,3126,3544,6670,1.3,1.0,1.2,0.55,L,0.9,1.7,0.7,1.3,0.9,1.4,203,148,351,2337,2132,4469,8.7,6.9,7.9,0.55,L,7.5,9.8,5.9,8.0,7.1,8.6,297,271,568,1085,1115,2200,27.4,24.3,25.8,0.83,L,24.7,30.0,21.8,26.8,24.0,27.6
87,High Park-Swansea,705,730,1435,9535,11292,20827,6.9,6.2,6.5,0.55,L,6.4,7.4,5.8,6.6,6.2,6.9,7.4,6.5,6.9,0.57,L,6.9,7.9,6.0,6.9,6.5,7.2,51,71,122,4317,5101,9418,1.2,1.4,1.3,0.59,L,0.9,1.5,1.1,1.7,1.1,1.5,236,208,444,3273,3556,6829,7.2,5.8,6.5,0.45,L,6.3,8.1,5.1,6.6,5.9,7.1,418,451,869,1945,2635,4580,21.5,17.1,19.0,0.61,L,19.7,23.3,15.7,18.6,17.8,20.1
88,High Park North,702,664,1366,9772,11168,20940,7.4,6.2,6.8,0.58,L,6.9,7.9,5.8,6.7,6.4,7.1,7.2,5.9,6.5,0.54,L,6.7,7.7,5.5,6.4,6.2,6.9,63,72,135,4934,5621,10555,1.3,1.3,1.3,0.59,L,1.0,1.6,1.0,1.6,1.1,1.5,233,211,444,3096,3154,6250,7.5,6.7,7.1,0.50,L,6.6,8.5,5.8,7.6,6.5,7.7,406,381,787,1742,2393,4135,23.3,15.9,19.0,0.61,L,21.3,25.3,14.5,17.4,17.8,20.2
89,Runnymede-Bloor West Village,326,261,587,4026,4341,8367,7.7,6.0,6.8,0.58,L,6.9,8.4,5.4,6.7,6.3,7.4,8.1,6.0,7.0,0.58,L,7.3,8.9,5.3,6.7,6.5,7.6,29,21,50,1673,1849,3522,1.7,1.1,1.4,0.64,L,1.1,2.4,0.7,1.6,1.0,1.8,116,85,201,1613,1625,3238,7.2,5.2,6.2,0.43,L,5.9,8.5,4.1,6.3,5.4,7.0,181,155,336,740,867,1607,24.5,17.9,20.9,0.67,L,21.4,27.6,15.3,20.4,18.9,22.9
90,Junction Area,609,563,1172,6487,6750,13237,10.1,9.5,9.8,0.83,L,9.4,10.8,8.8,10.2,9.3,10.3,9.4,8.3,8.9,0.74,L,8.7,10.1,7.7,9.0,8.4,9.3,57,50,107,3227,3396,6623,1.8,1.5,1.6,0.73,L,1.3,2.2,1.1,1.9,1.3,1.9,276,204,480,2259,2221,4480,12.2,9.2,10.7,0.75,L,10.9,13.6,8.0,10.4,9.8,11.6,276,309,585,1001,1133,2134,27.6,27.3,27.4,0.88,L,24.8,30.3,24.7,29.9,25.5,29.3
91,Weston-Pelham Park,614,595,1209,4974,4865,9839,12.7,13.4,13.1,1.11,H,11.9,13.6,12.5,14.3,12.5,13.7,12.3,12.2,12.3,1.02,NS,11.4,13.3,11.3,13.2,11.6,12.9,49,50,99,2413,2398,4811,2.0,2.1,2.1,0.95,NS,1.5,2.6,1.5,2.7,1.7,2.5,260,218,478,1711,1577,3288,15.2,13.8,14.5,1.01,NS,13.5,16.9,12.1,15.5,13.3,15.7,305,327,632,850,890,1740,35.9,36.7,36.3,1.17,H,32.7,39.1,33.6,39.9,34.1,38.6
92,Corso Italia-Davenport,606,641,1247,5841,5969,11810,10.9,11.0,10.9,0.92,L,10.1,11.6,10.3,11.8,10.4,11.5,10.4,10.7,10.6,0.88,L,9.6,11.2,10.0,11.5,10.0,11.1,48,43,91,2936,2896,5832,1.6,1.5,1.6,0.73,L,1.2,2.1,1.0,1.9,1.2,1.9,229,192,421,1901,1801,3702,12.0,10.7,11.4,0.80,L,10.6,13.5,9.2,12.1,10.3,12.4,329,406,735,1004,1272,2276,32.8,31.9,32.3,1.04,NS,29.9,35.7,29.4,34.5,30.4,34.2
94,Wychwood,673,776,1449,6177,7264,13441,9.8,9.0,9.3,0.79,L,9.1,10.5,8.4,9.6,8.9,9.8,10.9,10.7,10.8,0.89,L,10.1,11.7,10.0,11.4,10.3,11.3,43,43,86,2899,3103,6002,1.5,1.4,1.4,0.64,L,1.0,1.9,1.0,1.8,1.1,1.7,195,160,355,1861,2039,3900,10.5,7.8,9.1,0.64,L,9.1,11.9,6.7,9.0,8.2,10.0,435,573,1008,1417,2122,3539,30.7,27.0,28.5,0.92,L,28.3,33.1,25.1,28.9,27.0,30.0
95,Annex,961,854,1815,13190,14930,28120,6.9,5.6,6.2,0.53,L,6.5,7.4,5.2,6.0,6.0,6.5,7.3,5.7,6.5,0.54,L,6.8,7.7,5.3,6.1,6.2,6.7,81,64,145,6695,7531,14226,1.2,0.8,1.0,0.45,L,0.9,1.5,0.6,1.1,0.9,1.2,268,203,471,3579,3752,7331,7.5,5.4,6.4,0.45,L,6.6,8.4,4.7,6.1,5.9,7.0,612,587,1199,2916,3647,6563,21.0,16.1,18.3,0.59,L,19.5,22.5,14.9,17.3,17.3,19.2
96,Casa Loma,446,347,793,5044,6030,11074,7.3,5.0,6.1,0.52,L,6.6,8.0,4.5,5.6,5.6,6.5,8.8,5.8,7.2,0.60,L,8.1,9.6,5.2,6.3,6.7,7.6,28,34,62,2139,2525,4664,1.3,1.3,1.3,0.59,L,0.8,1.8,0.9,1.8,1.0,1.7,125,91,216,1435,1601,3036,8.7,5.7,7.1,0.50,L,7.3,10.2,4.5,6.8,6.2,8.0,293,222,515,1470,1904,3374,19.9,11.7,15.3,0.49,L,17.9,22.0,10.2,13.1,14.1,16.5
97,Yonge-St.Clair,392,371,763,5150,6364,11514,6.5,5.1,5.7,0.48,L,5.8,7.1,4.6,5.6,5.3,6.1,7.6,5.8,6.6,0.55,L,6.9,8.3,5.3,6.4,6.2,7.1,24,46,70,2301,2683,4984,1.0,1.7,1.4,0.64,L,0.6,1.5,1.2,2.2,1.1,1.7,108,89,197,1504,1762,3266,7.2,5.1,6.0,0.42,L,5.9,8.5,4.0,6.1,5.2,6.8,260,236,496,1345,1919,3264,19.3,12.3,15.2,0.49,L,17.2,21.4,10.8,13.8,14.0,16.4
98,Rosedale-Moore Park,737,630,1367,9353,11229,20582,6.0,4.5,5.2,0.44,L,5.6,6.5,4.2,4.9,5.0,5.5,7.9,5.6,6.6,0.55,L,7.3,8.4,5.2,6.0,6.3,7.0,46,48,94,3547,4178,7725,1.3,1.1,1.2,0.55,L,0.9,1.7,0.8,1.5,1.0,1.5,193,154,347,3012,3437,6449,6.4,4.5,5.4,0.38,L,5.5,7.3,3.8,5.2,4.8,5.9,498,428,926,2794,3614,6408,17.8,11.8,14.5,0.47,L,16.4,19.2,10.8,12.9,13.6,15.3
99,Mount Pleasant East,483,490,973,6749,7910,14659,6.7,5.9,6.3,0.53,L,6.2,7.3,5.4,6.4,5.9,6.7,7.2,6.2,6.6,0.55,L,6.5,7.8,5.7,6.7,6.2,7.0,33,47,80,2969,3375,6344,1.1,1.4,1.3,0.59,L,0.7,1.5,1.0,1.8,1.0,1.5,179,160,339,2456,2725,5181,7.3,5.9,6.5,0.45,L,6.3,8.3,5.0,6.8,5.9,7.2,271,283,554,1324,1810,3134,20.5,15.6,17.7,0.57,L,18.3,22.6,14.0,17.3,16.3,19.0
100,Yonge-Eglinton,307,308,615,5039,5855,10894,6.3,5.5,5.8,0.49,L,5.7,7.0,4.9,6.0,5.4,6.3,6.1,5.3,5.6,0.46,L,5.4,6.8,4.7,5.8,5.2,6.1,32,39,71,2607,2881,5488,1.2,1.4,1.3,0.59,L,0.8,1.7,0.9,1.8,1.0,1.6,103,84,187,1524,1781,3305,6.8,4.7,5.7,0.40,L,5.5,8.0,3.7,5.7,4.9,6.4,172,185,357,908,1193,2101,18.9,15.5,17.0,0.55,L,16.4,21.5,13.5,17.6,15.4,18.6
101,Forest Hill South,367,358,725,4416,5371,9787,6.6,5.5,6.0,0.51,L,6.0,7.3,4.9,6.1,5.6,6.4,8.3,6.7,7.4,0.61,L,7.5,9.1,6.0,7.3,6.9,7.9,20,19,39,1819,2124,3943,1.1,0.9,1.0,0.45,L,0.6,1.6,0.5,1.3,0.7,1.3,99,87,186,1344,1613,2957,7.4,5.4,6.3,0.44,L,6.0,8.8,4.3,6.5,5.4,7.2,248,252,500,1253,1634,2887,19.8,15.4,17.3,0.56,L,17.6,22.0,13.7,17.2,15.9,18.7
102,Forest Hill North,484,560,1044,4862,6142,11004,9.0,8.2,8.5,0.72,L,8.3,9.8,7.5,8.8,8.0,9.0,10.0,9.1,9.5,0.79,L,9.1,10.8,8.4,9.8,8.9,10.0,30,38,68,2112,2450,4562,1.4,1.6,1.5,0.68,L,0.9,1.9,1.1,2.0,1.1,1.8,186,177,363,1640,2106,3746,11.3,8.4,9.7,0.68,L,9.8,12.9,7.2,9.6,8.7,10.6,268,345,613,1110,1586,2696,24.1,21.8,22.7,0.73,L,21.6,26.7,19.7,23.8,21.2,24.3
103,Lawrence Park South,373,301,674,5990,6812,12802,5.4,4.1,4.8,0.41,L,4.9,6.0,3.7,4.6,4.4,5.1,6.2,4.4,5.3,0.44,L,5.6,6.8,3.9,4.9,4.9,5.7,30,38,68,2430,2697,5127,1.2,1.4,1.3,0.59,L,0.8,1.7,1.0,1.9,1.0,1.6,119,86,205,2239,2528,4767,5.3,3.4,4.3,0.30,L,4.4,6.2,2.7,4.1,3.7,4.9,224,177,401,1321,1587,2908,17.0,11.2,13.8,0.45,L,14.9,19.0,9.6,12.7,12.5,15.0
105,Lawrence Park North,388,359,747,5696,6401,12097,6.2,5.3,5.7,0.48,L,5.6,6.8,4.8,5.8,5.3,6.1,6.8,5.6,6.2,0.51,L,6.2,7.5,5.0,6.2,5.7,6.6,41,30,71,2255,2464,4719,1.8,1.2,1.5,0.68,L,1.3,2.4,0.8,1.7,1.2,1.9,137,123,260,2317,2530,4847,5.9,4.9,5.4,0.38,L,5.0,6.9,4.0,5.7,4.7,6.0,210,206,416,1124,1407,2531,18.7,14.6,16.4,0.53,L,16.4,21.0,12.8,16.5,15.0,17.9
106,Humewood-Cedarvale,511,546,1057,5290,6181,11471,9.5,8.9,9.2,0.78,L,8.7,10.3,8.2,9.6,8.7,9.7,9.7,8.8,9.2,0.76,L,8.9,10.5,8.1,9.5,8.7,9.7,36,42,78,2518,2938,5456,1.4,1.4,1.4,0.64,L,1.0,1.9,1.0,1.9,1.1,1.7,195,168,363,1748,1891,3639,11.2,8.9,10.0,0.70,L,9.7,12.6,7.6,10.2,9.0,10.9,280,336,616,1024,1352,2376,27.3,24.9,25.9,0.84,L,24.6,30.1,22.5,27.2,24.2,27.7
107,Oakwood Village,1008,1255,2263,8607,9405,18012,11.1,12.6,11.8,1.00,NS,10.4,11.7,12.0,13.2,11.4,12.3,11.7,13.3,12.6,1.04,NS,11.0,12.4,12.7,14.0,12.1,13.0,53,79,132,3966,4155,8121,1.3,1.9,1.6,0.73,L,1.0,1.7,1.5,2.3,1.4,1.9,363,381,744,2869,2957,5826,12.7,12.9,12.8,0.90,L,11.4,13.9,11.7,14.1,11.9,13.6,592,795,1387,1772,2293,4065,33.4,34.7,34.1,1.10,H,31.2,35.6,32.7,36.6,32.7,35.6
108,Briar Hill-Belgravia,808,925,1733,6026,6773,12799,13.3,13.1,13.1,1.11,H,12.5,14.1,12.3,13.8,12.6,13.7,13.4,13.7,13.5,1.12,H,12.5,14.3,12.8,14.5,12.9,14.1,52,75,127,2846,2880,5726,1.8,2.6,2.2,1.00,NS,1.3,2.3,2.0,3.2,1.8,2.6,332,313,645,2040,2353,4393,16.3,13.3,14.7,1.03,NS,14.7,17.9,11.9,14.7,13.6,15.7,424,537,961,1140,1540,2680,37.2,34.9,35.9,1.16,H,34.4,40.0,32.5,37.3,34.0,37.7
109,Caledonia-Fairbank,556,599,1155,4286,4349,8635,13.0,13.7,13.3,1.13,H,12.0,13.9,12.8,14.7,12.7,14.0,13.0,13.8,13.4,1.11,H,12.0,14.0,12.7,14.8,12.7,14.1,38,45,83,2020,1923,3943,1.9,2.3,2.1,0.95,NS,1.3,2.5,1.7,3.0,1.7,2.6,233,208,441,1482,1512,2994,15.7,13.8,14.7,1.03,NS,13.9,17.6,12.0,15.5,13.5,16.0,285,346,631,784,914,1698,36.4,37.9,37.2,1.20,H,33.0,39.7,34.7,41.0,34.9,39.5
110,Keelesdale-Eglinton West,620,730,1350,4477,4613,9090,13.4,14.9,14.2,1.20,H,12.5,14.4,14.0,15.9,13.5,14.9,13.8,15.8,14.9,1.23,H,12.8,14.9,14.8,16.9,14.1,15.6,44,57,101,2051,1987,4038,2.1,2.9,2.5,1.14,NS,1.5,2.8,2.1,3.6,2.0,3.0,246,244,490,1573,1508,3081,15.6,16.2,15.9,1.11,H,13.8,17.4,14.3,18.0,14.6,17.2,330,429,759,853,1118,1971,38.7,38.4,38.5,1.24,H,35.4,42.0,35.5,41.2,36.4,40.7
111,Rockcliffe-Smythe,1448,1492,2940,9336,9928,19264,14.3,14.1,14.2,1.20,H,13.7,15.0,13.4,14.7,13.8,14.7,15.5,15.0,15.3,1.26,H,14.8,16.2,14.3,15.7,14.8,15.8,98,112,210,4115,4197,8312,2.4,2.7,2.5,1.14,NS,1.9,2.8,2.2,3.2,2.2,2.9,571,548,1119,3187,3214,6401,17.9,17.1,17.5,1.22,H,16.6,19.2,15.8,18.4,16.6,18.4,779,832,1611,2034,2517,4551,38.3,33.1,35.4,1.14,H,36.2,40.4,31.2,34.9,34.0,36.8
112,Beechborough-Greenbrook,415,507,922,2536,2896,5432,15.3,16.7,16.0,1.36,H,14.0,16.6,15.5,18.0,15.1,16.9,16.4,17.5,17.0,1.40,H,14.9,17.8,16.1,18.9,16.0,18.0,38,44,82,1135,1230,2365,3.3,3.6,3.5,1.59,H,2.3,4.4,2.5,4.6,2.7,4.2,156,189,345,855,987,1842,18.2,19.1,18.7,1.31,H,15.7,20.8,16.7,21.6,16.9,20.5,221,274,495,546,679,1225,40.5,40.4,40.4,1.30,H,36.4,44.6,36.7,44.0,37.7,43.2
113,Weston,1218,1451,2669,8732,9348,18080,14.0,15.7,14.9,1.26,H,13.3,14.7,15.0,16.4,14.4,15.4,13.9,15.5,14.8,1.22,H,13.2,14.7,14.8,16.3,14.2,15.3,103,153,256,4112,4242,8354,2.5,3.6,3.1,1.41,H,2.0,3.0,3.0,4.2,2.7,3.4,537,563,1100,3039,3135,6174,17.7,18.0,17.8,1.24,H,16.3,19.0,16.6,19.3,16.9,18.8,578,735,1313,1581,1971,3552,36.6,37.3,37.0,1.19,H,34.2,38.9,35.2,39.4,35.4,38.6
114,Lambton Baby Point,257,269,526,3049,3435,6484,7.8,7.5,7.6,0.64,L,6.9,8.6,6.7,8.3,7.0,8.2,8.4,7.8,8.1,0.67,L,7.4,9.4,6.9,8.7,7.4,8.8,21,26,47,1271,1395,2666,1.7,1.9,1.8,0.82,NS,1.0,2.4,1.2,2.6,1.3,2.3,95,98,193,1172,1289,2461,8.1,7.6,7.8,0.55,L,6.5,9.7,6.2,9.0,6.8,8.9,141,145,286,606,751,1357,23.3,19.3,21.1,0.68,L,19.9,26.6,16.5,22.1,18.9,23.2
115,Mount Dennis,826,959,1785,5278,5776,11054,15.3,16.8,16.0,1.36,H,14.4,16.1,15.9,17.7,15.4,16.7,15.6,16.6,16.1,1.33,H,14.7,16.6,15.6,17.6,15.5,16.8,56,84,140,2428,2583,5011,2.3,3.3,2.8,1.27,H,1.7,2.9,2.6,3.9,2.3,3.3,353,402,755,1824,1995,3819,19.4,20.2,19.8,1.38,H,17.5,21.2,18.4,21.9,18.5,21.0,417,473,890,1026,1198,2224,40.6,39.5,40.0,1.29,H,37.6,43.6,36.7,42.3,38.0,42.1
116,Steeles,1758,1719,3477,10158,11161,21319,13.4,11.7,12.5,1.06,H,12.8,14.0,11.1,12.2,12.1,12.9,17.3,15.4,16.3,1.35,H,16.6,18.0,14.7,16.1,15.8,16.8,107,82,189,3834,3714,7548,2.8,2.2,2.5,1.14,NS,2.3,3.3,1.7,2.7,2.2,2.9,501,420,921,3176,3652,6828,15.8,11.5,13.5,0.94,NS,14.5,17.0,10.5,12.5,12.7,14.3,1150,1217,2367,3148,3795,6943,36.5,32.1,34.1,1.10,H,34.8,38.2,30.6,33.6,33.0,35.2
118,Tam O'Shanter-Sullivan,1933,2191,4124,11283,13178,24461,14.9,13.7,14.2,1.20,H,14.3,15.5,13.1,14.2,13.8,14.6,17.1,16.6,16.9,1.40,H,16.4,17.8,16.0,17.3,16.4,17.3,124,138,262,4814,4880,9694,2.6,2.8,2.7,1.23,H,2.1,3.0,2.4,3.3,2.4,3.0,675,619,1294,3543,4093,7636,19.1,15.1,16.9,1.18,H,17.8,20.3,14.0,16.2,16.1,17.8,1134,1434,2568,2926,4205,7131,38.8,34.1,36.0,1.16,H,37.0,40.5,32.7,35.5,34.9,37.1
119,Wexford/Maryvale,1974,1991,3965,12554,12924,25478,15.4,14.7,15.0,1.27,H,14.8,16.0,14.1,15.2,14.6,15.4,15.7,15.4,15.6,1.29,H,15.1,16.4,14.8,16.0,15.1,16.0,165,195,360,5861,5492,11353,2.8,3.6,3.2,1.45,H,2.4,3.2,3.1,4.0,2.8,3.5,833,728,1561,4158,4316,8474,20.0,16.9,18.4,1.29,H,18.8,21.3,15.8,18.0,17.6,19.2,976,1068,2044,2535,3116,5651,38.5,34.3,36.2,1.17,H,36.6,40.4,32.6,35.9,34.9,37.4
120,Clairlea-Birchmount,2259,2234,4493,13737,14695,28432,16.5,15.1,15.8,1.34,H,15.9,17.1,14.6,15.7,15.4,16.2,16.4,15.2,15.8,1.31,H,15.8,17.1,14.6,15.8,15.4,16.2,212,246,458,6415,6494,12909,3.3,3.8,3.5,1.59,H,2.9,3.7,3.3,4.3,3.2,3.9,1042,878,1920,4831,5038,9869,21.6,17.4,19.5,1.36,H,20.4,22.7,16.4,18.5,18.7,20.2,1005,1110,2115,2491,3163,5654,40.3,35.1,37.4,1.21,H,38.4,42.3,33.4,36.8,36.1,38.7
121,Oakridge,1029,985,2014,5769,5892,11661,18.7,18.3,18.5,1.57,H,17.7,19.6,17.3,19.2,17.8,19.2,17.8,16.7,17.3,1.43,H,16.8,18.8,15.8,17.7,16.6,18.0,102,143,245,2795,2903,5698,3.6,4.9,4.3,1.95,H,3.0,4.3,4.1,5.7,3.8,4.8,534,441,975,2045,1964,4009,26.1,22.5,24.3,1.70,H,24.2,28.0,20.6,24.3,23.0,25.6,393,401,794,929,1025,1954,42.3,39.1,40.6,1.31,H,39.1,45.5,36.1,42.1,38.5,42.8
122,Birchcliffe-Cliffside,1293,1156,2449,9823,10301,20124,11.7,10.0,10.8,0.92,L,11.1,12.2,9.5,10.6,10.4,11.2,13.2,11.2,12.2,1.01,NS,12.5,13.8,10.6,11.8,11.7,12.6,112,88,200,4003,3922,7925,2.8,2.2,2.5,1.14,NS,2.3,3.3,1.8,2.7,2.2,2.9,488,413,901,3577,3726,7303,13.6,11.1,12.3,0.86,L,12.5,14.8,10.1,12.1,11.6,13.1,693,655,1348,2243,2653,4896,30.9,24.7,27.5,0.89,L,29.0,32.8,23.0,26.3,26.3,28.8
123,Cliffcrest,1094,1028,2122,6942,7089,14031,14.6,13.6,14.1,1.19,H,13.8,15.3,12.8,14.3,13.5,14.6,15.8,14.5,15.1,1.25,H,14.9,16.6,13.7,15.3,14.5,15.7,85,102,187,2976,2847,5823,2.9,3.6,3.2,1.45,H,2.3,3.5,2.9,4.3,2.8,3.7,479,417,896,2396,2518,4914,20.0,16.6,18.2,1.27,H,18.4,21.6,15.1,18.0,17.2,19.3,530,509,1039,1570,1724,3294,33.8,29.5,31.5,1.02,NS,31.4,36.1,27.4,31.7,30.0,33.1
124,Kennedy Park,1490,1467,2957,7569,7770,15339,19.2,18.0,18.6,1.58,H,18.4,20.0,17.2,18.8,18.0,19.2,19.7,18.9,19.3,1.60,H,18.8,20.6,18.0,19.8,18.7,19.9,123,152,275,3466,3277,6743,3.5,4.6,4.1,1.86,H,2.9,4.2,3.9,5.4,3.6,4.6,676,572,1248,2593,2620,5213,26.1,21.8,23.9,1.67,H,24.4,27.8,20.3,23.4,22.8,25.1,691,743,1434,1510,1873,3383,45.8,39.7,42.4,1.37,H,43.2,48.3,37.5,41.9,40.7,44.1
125,Ionview,714,680,1394,4186,4233,8419,17.9,16.8,17.4,1.47,H,16.8,19.0,15.7,17.9,16.6,18.1,17.1,16.1,16.6,1.37,H,15.9,18.2,15.0,17.2,15.8,17.4,90,84,174,2118,2070,4188,4.2,4.1,4.2,1.91,H,3.4,5.1,3.2,4.9,3.6,4.8,304,254,558,1319,1261,2580,23.0,20.1,21.6,1.51,H,20.8,25.3,17.9,22.4,20.0,23.2,320,342,662,749,902,1651,42.7,37.9,40.1,1.29,H,39.2,46.3,34.7,41.1,37.7,42.5
126,Dorset Park,2081,2106,4187,10596,11783,22379,19.1,17.3,18.1,1.53,H,18.4,19.8,16.6,17.9,17.7,18.6,19.6,17.9,18.7,1.55,H,18.9,20.4,17.2,18.6,18.2,19.2,184,188,372,4889,5049,9938,3.8,3.7,3.7,1.68,H,3.2,4.3,3.2,4.2,3.4,4.1,889,850,1739,3580,3968,7548,24.8,21.4,23.0,1.61,H,23.4,26.2,20.1,22.7,22.1,24.0,1008,1068,2076,2127,2766,4893,47.4,38.6,42.4,1.37,H,45.3,49.5,36.8,40.4,41.0,43.8
128,Agincourt South-Malvern West,1715,1634,3349,10496,11218,21714,15.3,13.4,14.3,1.21,H,14.6,15.9,12.8,14.0,13.8,14.7,16.3,14.6,15.4,1.27,H,15.6,17.0,13.9,15.2,14.9,15.9,120,117,237,4829,4793,9622,2.5,2.4,2.5,1.14,NS,2.0,2.9,2.0,2.9,2.2,2.8,646,507,1153,3195,3531,6726,20.2,14.4,17.1,1.20,H,18.8,21.6,13.2,15.5,16.2,18.0,949,1010,1959,2472,2894,5366,38.4,34.9,36.5,1.18,H,36.5,40.3,33.2,36.6,35.2,37.8
129,Agincourt North,2282,2339,4621,11842,13238,25080,16.2,14.6,15.3,1.30,H,15.6,16.8,14.1,15.2,14.9,15.7,19.3,17.7,18.4,1.52,H,18.6,20.0,17.0,18.3,17.9,18.9,154,130,284,4718,4783,9501,3.3,2.7,3.0,1.36,H,2.8,3.8,2.3,3.2,2.6,3.3,789,735,1524,3727,4318,8045,21.2,17.0,18.9,1.32,H,19.9,22.5,15.9,18.1,18.1,19.8,1339,1474,2813,3397,4137,7534,39.4,35.6,37.3,1.20,H,37.8,41.1,34.2,37.1,36.2,38.4
130,Milliken,1911,1953,3864,10454,11372,21826,14.8,13.8,14.3,1.21,H,14.2,15.4,13.2,14.4,13.8,14.7,18.3,17.2,17.7,1.46,H,17.5,19.0,16.5,17.9,17.2,18.2,89,107,196,4104,3983,8087,2.2,2.7,2.4,1.09,NS,1.7,2.6,2.2,3.2,2.1,2.8,626,569,1195,3303,3710,7013,19.0,15.3,17.0,1.19,H,17.6,20.3,14.2,16.5,16.2,17.9,1196,1277,2473,3047,3679,6726,39.3,34.7,36.8,1.19,H,37.5,41.0,33.2,36.2,35.6,37.9
133,Centennial Scarborough,955,798,1753,5818,6185,12003,13.6,11.3,12.4,1.05,H,12.8,14.3,10.6,12.0,11.9,13.0,16.4,12.9,14.6,1.21,H,15.5,17.4,12.1,13.7,14.0,15.2,56,58,114,2299,2288,4587,2.4,2.5,2.5,1.14,NS,1.8,3.1,1.9,3.2,2.0,2.9,311,292,603,2009,2199,4208,15.5,13.3,14.3,1.00,NS,13.9,17.1,11.9,14.7,13.3,15.4,588,448,1036,1510,1698,3208,38.9,26.4,32.3,1.04,NS,36.5,41.4,24.3,28.5,30.7,33.9
134,Highland Creek,1222,1135,2357,5903,5994,11897,19.1,17.4,18.3,1.55,H,18.2,20.1,16.5,18.3,17.6,18.9,20.7,18.9,19.8,1.64,H,19.7,21.7,17.9,19.9,19.1,20.5,79,81,160,2679,2521,5200,2.9,3.2,3.1,1.41,H,2.3,3.6,2.5,3.9,2.6,3.5,459,397,856,1719,1816,3535,26.7,21.9,24.2,1.69,H,24.6,28.8,20.0,23.8,22.8,25.6,684,657,1341,1505,1657,3162,45.4,39.6,42.4,1.37,H,42.9,48.0,37.3,42.0,40.7,44.1
135,Morningside,1368,1425,2793,7151,7693,14844,19.1,18.3,18.7,1.58,H,18.2,19.9,17.5,19.1,18.1,19.3,19.1,18.5,18.8,1.55,H,18.2,20.0,17.7,19.4,18.2,19.4,121,128,249,3434,3456,6890,3.5,3.7,3.6,1.64,H,2.9,4.1,3.1,4.3,3.2,4.1,590,571,1161,2212,2431,4643,26.7,23.5,25.0,1.75,H,24.8,28.5,21.8,25.2,23.8,26.3,657,726,1383,1505,1806,3311,43.7,40.2,41.8,1.35,H,41.1,46.2,37.9,42.5,40.1,43.4
136,West Hill,2039,2081,4120,11162,11782,22944,17.9,17.3,17.6,1.49,H,17.3,18.6,16.6,17.9,17.1,18.1,18.3,17.7,18.0,1.49,H,17.6,19.0,17.0,18.4,17.5,18.5,169,184,353,5175,5053,10228,3.3,3.6,3.5,1.59,H,2.8,3.7,3.1,4.2,3.1,3.8,900,939,1839,3784,4025,7809,23.8,23.3,23.5,1.64,H,22.4,25.1,22.0,24.6,22.6,24.5,970,958,1928,2203,2704,4907,44.0,35.4,39.3,1.27,H,42.0,46.1,33.6,37.2,37.9,40.7
138,Eglinton East,1650,1975,3625,8504,9845,18349,19.4,19.6,19.5,1.65,H,18.6,20.2,18.9,20.4,18.9,20.0,19.4,20.1,19.8,1.64,H,18.6,20.2,19.3,20.9,19.2,20.3,178,223,401,4089,4364,8453,4.4,5.1,4.7,2.14,H,3.7,5.0,4.5,5.8,4.3,5.2,690,755,1445,2717,3122,5839,25.4,24.2,24.7,1.73,H,23.8,27.0,22.7,25.7,23.6,25.9,782,997,1779,1698,2359,4057,46.1,42.3,43.9,1.42,H,43.7,48.4,40.3,44.3,42.3,45.4
139,Scarborough Village,1504,1604,3108,7915,8616,16531,19.1,18.9,19.0,1.61,H,18.3,19.9,18.1,19.7,18.5,19.6,19.0,18.6,18.8,1.55,H,18.1,19.9,17.8,19.4,18.2,19.4,130,177,307,3721,3893,7614,3.5,4.5,4.0,1.82,H,2.9,4.1,3.9,5.2,3.6,4.5,724,712,1436,2735,2923,5658,26.5,24.4,25.4,1.78,H,24.8,28.1,22.8,25.9,24.2,26.5,650,715,1365,1459,1800,3259,44.6,39.7,41.9,1.35,H,42.0,47.1,37.5,42.0,40.2,43.6
140,Guildwood,710,717,1427,4398,5083,9481,13.0,11.3,12.1,1.03,NS,12.1,13.9,10.5,12.1,11.5,12.7,16.1,14.1,15.1,1.25,H,15.1,17.2,13.1,15.1,14.3,15.8,33,45,78,1644,1701,3345,2.0,2.6,2.3,1.05,NS,1.3,2.7,1.9,3.4,1.8,2.8,249,222,471,1493,1654,3147,16.7,13.4,15.0,1.05,NS,14.8,18.6,11.8,15.1,13.7,16.2,428,450,878,1261,1728,2989,33.9,26.0,29.4,0.95,NS,31.3,36.6,24.0,28.1,27.7,31.0
141,Golfdale-Cedarbrae-Woburn,2040,2088,4128,10243,10883,21126,19.7,19.0,19.3,1.64,H,19.0,20.4,18.3,19.7,18.8,19.9,19.9,19.2,19.5,1.61,H,19.1,20.7,18.4,19.9,19.0,20.1,166,199,365,4903,4960,9863,3.4,4.0,3.7,1.68,H,2.9,3.9,3.5,4.6,3.3,4.1,863,797,1660,3176,3279,6455,27.2,24.3,25.7,1.80,H,25.6,28.7,22.8,25.8,24.7,26.8,1011,1092,2103,2164,2644,4808,46.7,41.3,43.7,1.41,H,44.6,48.8,39.4,43.2,42.3,45.1
142,Woburn North,1939,2021,3960,11326,11998,23324,18.2,17.6,17.9,1.52,H,17.5,18.9,16.9,18.2,17.4,18.3,17.1,16.8,17.0,1.40,H,16.4,17.8,16.2,17.5,16.5,17.5,214,226,440,5836,5768,11604,3.7,3.9,3.8,1.73,H,3.2,4.1,3.4,4.4,3.4,4.1,835,819,1654,3426,3677,7103,24.4,22.3,23.3,1.63,H,22.9,25.8,20.9,23.6,22.3,24.3,890,976,1866,2064,2553,4617,43.1,38.2,40.4,1.30,H,41.0,45.3,36.3,40.1,39.0,41.8
143,West Rouge,1528,1554,3082,8199,8963,17162,16.4,15.5,15.9,1.35,H,15.6,17.1,14.8,16.2,15.4,16.4,18.6,17.3,18.0,1.49,H,17.8,19.5,16.6,18.1,17.4,18.5,121,143,264,3473,3445,6918,3.5,4.2,3.8,1.73,H,2.9,4.1,3.5,4.8,3.4,4.3,544,573,1117,2586,2980,5566,21.0,19.2,20.1,1.41,H,19.5,22.6,17.8,20.6,19.0,21.1,863,838,1701,2140,2538,4678,40.3,33.0,36.4,1.17,H,38.2,42.4,31.2,34.8,35.0,37.7
144,Morningside Heights,2641,2515,5156,10835,11866,22701,24.3,21.3,22.7,1.92,H,23.6,25.0,20.7,22.0,22.2,23.2,24.4,21.2,22.7,1.88,H,23.6,25.2,20.5,21.9,22.2,23.3,240,234,474,5110,5346,10456,4.7,4.4,4.5,2.05,H,4.1,5.3,3.8,4.9,4.1,4.9,1211,1061,2272,3545,3953,7498,34.2,26.8,30.3,2.12,H,32.6,35.7,25.5,28.2,29.3,31.3,1190,1220,2410,2180,2567,4747,54.6,47.5,50.8,1.64,H,52.5,56.7,45.6,49.5,49.3,52.2
145,Malvern West,1744,1713,3457,8021,8595,16616,21.6,20.1,20.8,1.76,H,20.8,22.4,19.3,20.9,20.3,21.4,21.7,19.9,20.8,1.72,H,20.8,22.6,19.1,20.8,20.2,21.4,135,170,305,3824,3958,7782,3.5,4.3,3.9,1.77,H,2.9,4.1,3.7,4.9,3.5,4.4,741,653,1394,2602,2758,5360,28.5,23.7,26.0,1.82,H,26.7,30.2,22.1,25.3,24.8,27.2,868,890,1758,1595,1879,3474,54.4,47.4,50.6,1.63,H,52.0,56.9,45.1,49.6,48.9,52.3
146,Malvern East,2079,2227,4306,9895,11154,21049,20.8,19.6,20.1,1.70,H,20.0,21.5,18.9,20.3,19.6,20.6,21.0,20.0,20.5,1.69,H,20.2,21.8,19.2,20.7,19.9,21.0,185,201,386,4738,4928,9666,3.9,4.1,4.0,1.82,H,3.4,4.5,3.5,4.6,3.6,4.4,870,887,1757,3043,3636,6679,28.6,24.4,26.3,1.84,H,27.0,30.2,23.0,25.8,25.3,27.4,1024,1139,2163,2114,2590,4704,48.4,44.0,46.0,1.48,H,46.3,50.6,42.1,45.9,44.6,47.4
147,L'Amoreaux West,1714,1937,3651,9628,11158,20786,14.7,14.1,14.3,1.21,H,14.1,15.3,13.5,14.7,13.9,14.8,17.8,17.4,17.6,1.45,H,17.0,18.6,16.7,18.1,17.0,18.1,107,124,231,3870,3899,7769,2.8,3.2,3.0,1.36,H,2.2,3.3,2.6,3.7,2.6,3.4,550,579,1129,3106,3622,6728,17.7,16.0,16.8,1.17,H,16.4,19.1,14.8,17.2,15.9,17.7,1057,1234,2291,2652,3637,6289,39.9,33.9,36.4,1.17,H,38.0,41.7,32.4,35.5,35.2,37.6
148,East L'Amoreaux,1418,1418,2836,8136,8934,17070,15.7,14.4,15.0,1.27,H,15.0,16.5,13.7,15.1,14.5,15.5,17.4,15.9,16.6,1.37,H,16.6,18.3,15.1,16.6,16.1,17.2,108,112,220,3575,3544,7119,3.0,3.2,3.1,1.41,H,2.5,3.6,2.6,3.7,2.7,3.5,510,503,1013,2643,3088,5731,19.3,16.3,17.7,1.24,H,17.8,20.8,15.0,17.6,16.7,18.7,800,803,1603,1918,2302,4220,41.7,34.9,38.0,1.23,H,39.5,43.9,32.9,36.8,36.5,39.5
149,Parkwoods-O'Connor Hills,807,740,1547,5683,6324,12007,12.6,10.5,11.5,0.97,NS,11.8,13.4,9.8,11.2,11.0,12.0,14.2,11.7,12.9,1.07,H,13.3,15.1,10.9,12.5,12.3,13.5,69,74,143,2246,2408,4654,3.1,3.1,3.1,1.41,H,2.4,3.8,2.4,3.8,2.6,3.6,338,253,591,2160,2269,4429,15.6,11.2,13.3,0.93,NS,14.1,17.2,9.9,12.4,12.3,14.3,400,413,813,1277,1647,2924,31.3,25.1,27.8,0.90,L,28.8,33.9,23.0,27.2,26.2,29.4
150,Fenside-Parkwoods,1118,1236,2354,8391,9611,18002,14.1,13.0,13.5,1.14,H,13.4,14.8,12.4,13.7,13.0,14.0,13.3,12.9,13.1,1.08,H,12.6,14.1,12.2,13.5,12.6,13.6,110,109,219,4270,4342,8612,2.6,2.5,2.5,1.14,NS,2.1,3.1,2.0,3.0,2.2,2.9,473,519,992,2659,3236,5895,17.8,16.0,16.8,1.17,H,16.3,19.2,14.8,17.3,15.9,17.8,535,608,1143,1462,2033,3495,36.6,29.9,32.7,1.05,H,34.1,39.1,27.9,31.9,31.1,34.3
151,Yonge-Doris,1082,1076,2158,11513,13847,25360,9.8,8.2,8.9,0.75,L,9.3,10.3,7.8,8.7,8.6,9.3,9.4,7.8,8.5,0.70,L,8.9,9.9,7.3,8.2,8.2,8.9,93,81,174,6114,6977,13091,1.5,1.2,1.3,0.59,L,1.2,1.8,0.9,1.4,1.1,1.5,360,316,676,3203,4029,7232,11.2,7.8,9.3,0.65,L,10.1,12.3,7.0,8.7,8.7,10.0,629,679,1308,2196,2841,5037,28.6,23.9,26.0,0.84,L,26.8,30.5,22.3,25.5,24.8,27.2
152,East Willowdale,473,461,934,4488,5334,9822,9.6,8.2,8.9,0.75,L,8.8,10.5,7.5,8.9,8.4,9.4,10.5,8.6,9.5,0.79,L,9.6,11.4,7.9,9.4,8.9,10.1,27,39,66,2062,2330,4392,1.3,1.7,1.5,0.68,L,0.8,1.8,1.2,2.2,1.1,1.9,156,151,307,1425,1732,3157,10.9,8.7,9.7,0.68,L,9.3,12.6,7.4,10.0,8.7,10.8,290,271,561,1001,1272,2273,29.0,21.3,24.7,0.80,L,26.2,31.8,19.1,23.6,22.9,26.5
153,Avondale,556,492,1048,6917,8062,14979,10.4,8.1,9.2,0.78,L,9.6,11.2,7.5,8.8,8.7,9.7,8.0,6.1,7.0,0.58,L,7.4,8.7,5.6,6.6,6.6,7.4,79,58,137,4275,4747,9022,1.8,1.2,1.5,0.68,L,1.4,2.3,0.9,1.5,1.3,1.8,194,185,379,1747,2194,3941,11.1,8.4,9.6,0.67,L,9.6,12.6,7.3,9.6,8.7,10.5,283,249,532,895,1121,2016,31.6,22.2,26.4,0.85,L,28.6,34.7,19.8,24.6,24.5,28.3
154,Oakdale-Beverley Heights,1400,1562,2962,9031,9859,18890,15.2,16.0,15.6,1.32,H,14.5,15.9,15.3,16.7,15.1,16.1,15.5,15.8,15.7,1.30,H,14.8,16.2,15.1,16.6,15.2,16.2,116,150,266,4088,4408,8496,2.8,3.4,3.1,1.41,H,2.3,3.3,2.9,3.9,2.8,3.5,626,616,1242,3269,3425,6694,19.1,18.0,18.6,1.30,H,17.8,20.5,16.7,19.3,17.6,19.5,658,796,1454,1674,2026,3700,39.3,39.3,39.3,1.27,H,37.0,41.6,37.2,41.4,37.7,40.9
155,Downsview,1019,1102,2121,7300,7843,15143,13.9,14.1,14.0,1.19,H,13.1,14.6,13.4,14.8,13.5,14.5,14.0,14.1,14.0,1.16,H,13.2,14.8,13.3,14.8,13.5,14.6,80,95,175,3450,3525,6975,2.3,2.7,2.5,1.14,NS,1.8,2.8,2.2,3.2,2.1,2.9,417,412,829,2477,2664,5141,16.8,15.5,16.1,1.13,H,15.4,18.3,14.1,16.8,15.1,17.1,522,595,1117,1373,1654,3027,38.0,36.0,36.9,1.19,H,35.5,40.6,33.7,38.3,35.2,38.6
156,Bendale-Glen Andrew,1246,1328,2574,7547,8317,15864,16.4,15.3,15.8,1.34,H,15.5,17.2,14.6,16.0,15.2,16.3,16.5,16.0,16.2,1.34,H,15.7,17.3,15.2,16.8,15.7,16.8,121,124,245,3728,3804,7532,3.2,3.3,3.3,1.50,H,2.7,3.8,2.7,3.8,2.9,3.7,465,424,889,2165,2330,4495,21.5,18.2,19.8,1.38,H,19.7,23.2,16.6,19.8,18.6,20.9,660,780,1440,1654,2183,3837,39.9,35.7,37.5,1.21,H,37.5,42.3,33.7,37.7,36.0,39.1
157,Bendale South,732,681,1413,3910,4007,7917,18.4,16.5,17.5,1.48,H,17.3,19.6,15.4,17.6,16.7,18.2,18.7,17.0,17.8,1.47,H,17.5,19.9,15.8,18.2,17.0,18.7,66,70,136,1829,1798,3627,3.6,3.9,3.7,1.68,H,2.8,4.5,3.0,4.8,3.1,4.4,326,233,559,1259,1249,2508,25.9,18.7,22.3,1.56,H,23.5,28.3,16.5,20.8,20.7,23.9,340,378,718,822,960,1782,41.4,39.4,40.3,1.30,H,38.0,44.7,36.3,42.5,38.0,42.6
158,Islington,1246,1133,2379,10005,10917,20922,11.1,9.2,10.1,0.86,L,10.5,11.6,8.7,9.7,9.7,10.5,12.5,10.4,11.4,0.94,L,11.8,13.1,9.8,11.0,10.9,11.8,–,–,–,4269,4351,8620,–,–,–,–,–,–,–,–,–,–,–,–,–,–,3397,3564,6961,–,–,–,–,–,–,–,–,–,–,–,715,674,1389,2339,3002,5341,30.6,22.5,26.0,0.84,L,28.7,32.4,21.0,23.9,24.8,27.2
159,Etobicoke City Centre,1051,1180,2231,11013,12259,23272,11.5,11.0,11.2,0.95,L,10.9,12.2,10.4,11.6,10.8,11.6,9.5,9.6,9.6,0.79,L,9.0,10.1,9.1,10.1,9.2,10.0,133,136,269,6508,6699,13207,2.0,2.0,2.0,0.91,NS,1.7,2.4,1.7,2.4,1.8,2.3,381,393,774,2881,3235,6116,13.2,12.1,12.7,0.89,L,12.0,14.5,11.0,13.3,11.8,13.5,537,651,1188,1624,2325,3949,33.1,28.0,30.1,0.97,NS,30.8,35.4,26.2,29.8,28.7,31.5
160,Mimico-Queensway,829,750,1579,7803,8159,15962,10.4,9.1,9.7,0.82,L,9.7,11.0,8.5,9.7,9.3,10.2,10.6,9.2,9.9,0.82,L,9.9,11.3,8.6,9.8,9.4,10.4,57,59,116,3656,3761,7417,1.6,1.6,1.6,0.73,L,1.2,2.0,1.2,2.0,1.3,1.8,317,242,559,2644,2577,5221,12.0,9.4,10.7,0.75,L,10.8,13.2,8.3,10.5,9.9,11.5,455,449,904,1503,1821,3324,30.3,24.7,27.2,0.88,L,28.0,32.6,22.7,26.6,25.7,28.7
161,Humber Bay Shores,857,719,1576,9230,10442,19672,9.7,7.4,8.5,0.72,L,9.0,10.3,6.9,7.9,8.1,8.9,9.3,6.9,8.0,0.66,L,8.7,9.9,6.4,7.4,7.6,8.4,80,102,182,4958,5477,10435,1.6,1.9,1.7,0.77,L,1.3,2.0,1.5,2.2,1.5,2.0,281,226,507,2413,2782,5195,11.6,8.1,9.8,0.69,L,10.4,12.9,7.1,9.1,9.0,10.6,496,391,887,1859,2183,4042,26.7,17.9,21.9,0.71,L,24.7,28.7,16.3,19.5,20.7,23.2
162,West Queen West,360,342,702,6136,6256,12392,8.7,8.6,8.6,0.73,L,7.9,9.5,7.7,9.4,8.0,9.2,5.9,5.5,5.7,0.47,L,5.3,6.5,4.9,6.0,5.3,6.1,63,51,114,3903,4044,7947,1.6,1.3,1.4,0.64,L,1.2,2.0,0.9,1.6,1.2,1.7,138,139,277,1680,1563,3243,8.2,8.9,8.5,0.59,L,6.9,9.5,7.5,10.3,7.6,9.5,159,152,311,553,649,1202,28.8,23.4,25.9,0.84,L,25.0,32.5,20.2,26.7,23.4,28.3
163,Fort York-Liberty Village,414,329,743,9898,10490,20388,8.9,6.8,7.9,0.67,L,8.1,9.8,6.1,7.6,7.3,8.4,4.2,3.1,3.6,0.30,L,3.8,4.6,2.8,3.5,3.4,3.9,93,78,171,7610,8044,15654,1.2,1.0,1.1,0.50,L,1.0,1.5,0.8,1.2,0.9,1.3,161,115,276,1730,1757,3487,9.3,6.5,7.9,0.55,L,7.9,10.7,5.4,7.7,7.0,8.8,160,136,296,558,689,1247,28.7,19.7,23.7,0.76,L,24.9,32.4,16.8,22.7,21.4,26.1
164,Wellington Place,287,250,537,11929,11747,23676,5.9,6.3,6.1,0.52,L,5.2,6.7,5.5,7.2,5.6,6.7,2.4,2.1,2.3,0.19,L,2.1,2.7,1.9,2.4,2.1,2.5,75,74,149,9526,9747,19273,0.8,0.8,0.8,0.36,L,0.6,1.0,0.6,0.9,0.6,0.9,115,89,204,1904,1543,3447,6.0,5.8,5.9,0.41,L,5.0,7.1,4.6,6.9,5.1,6.7,97,87,184,499,457,956,19.4,19.0,19.2,0.62,L,16.0,22.9,15.4,22.6,16.7,21.7
165,Harbourfront-CityPlace,581,497,1078,14267,14135,28402,8.4,7.5,8.0,0.68,L,7.8,9.1,6.9,8.2,7.5,8.4,4.1,3.5,3.8,0.31,L,3.7,4.4,3.2,3.8,3.6,4.0,120,97,217,10997,10706,21703,1.1,0.9,1.0,0.45,L,0.9,1.3,0.7,1.1,0.9,1.1,243,171,414,2351,2403,4754,10.3,7.1,8.7,0.61,L,9.1,11.6,6.1,8.1,7.9,9.5,218,229,447,919,1026,1945,23.7,22.3,23.0,0.74,L,21.0,26.5,19.8,24.9,21.1,24.9
166,St Lawrence-East Bayfront-The Islands,997,999,1996,14435,15472,29907,8.6,8.0,8.3,0.70,L,8.1,9.2,7.5,8.5,8.0,8.6,6.9,6.5,6.7,0.55,L,6.5,7.3,6.1,6.8,6.4,7.0,123,127,250,8849,9190,18039,1.4,1.4,1.4,0.64,L,1.1,1.6,1.1,1.6,1.2,1.6,347,315,662,3488,3559,7047,9.9,8.9,9.4,0.66,L,9.0,10.9,7.9,9.8,8.7,10.1,527,557,1084,2098,2723,4821,25.1,20.5,22.5,0.73,L,23.3,27.0,18.9,22.0,21.3,23.7
167,Church-Wellesley,860,474,1334,12211,10133,22344,9.3,8.0,8.9,0.75,L,8.7,9.9,7.3,8.7,8.4,9.3,7.0,4.7,6.0,0.50,L,6.6,7.5,4.3,5.1,5.7,6.3,102,79,181,7436,7162,14598,1.4,1.1,1.2,0.55,L,1.1,1.6,0.9,1.3,1.1,1.4,367,169,536,3282,1889,5171,11.2,8.9,10.4,0.73,L,10.1,12.3,7.7,10.2,9.5,11.2,391,226,617,1493,1082,2575,26.2,20.9,24.0,0.77,L,24.0,28.4,18.5,23.3,22.3,25.6
168,Downtown Yonge East,619,552,1171,8926,8455,17381,9.2,10.2,9.7,0.82,L,8.6,9.9,9.4,11.0,9.2,10.2,6.9,6.5,6.7,0.55,L,6.4,7.5,6.0,7.1,6.4,7.1,75,60,135,5570,5625,11195,1.3,1.1,1.2,0.55,L,1.0,1.6,0.8,1.3,1.0,1.4,236,219,455,2219,1770,3989,10.6,12.4,11.4,0.80,L,9.4,11.9,10.8,13.9,10.4,12.4,308,273,581,1137,1060,2197,27.1,25.8,26.4,0.85,L,24.5,29.7,23.1,28.4,24.6,28.3
169,Bay-Cloverhill,393,359,752,6956,8240,15196,7.4,6.0,6.7,0.57,L,6.7,8.2,5.4,6.6,6.2,7.1,5.6,4.4,4.9,0.40,L,5.1,6.2,3.9,4.8,4.6,5.3,43,45,88,4554,5404,9958,0.9,0.8,0.9,0.41,L,0.7,1.2,0.6,1.1,0.7,1.1,115,94,209,1353,1473,2826,8.5,6.4,7.4,0.52,L,7.0,10.0,5.1,7.6,6.4,8.4,235,220,455,1049,1363,2412,22.4,16.1,18.9,0.61,L,19.9,24.9,14.2,18.1,17.3,20.4
170,Yonge-Bay Corridor,284,341,625,7074,7908,14982,8.0,8.9,8.5,0.72,L,7.2,8.9,8.0,9.8,7.9,9.1,4.0,4.3,4.2,0.35,L,3.6,4.5,3.9,4.8,3.9,4.5,51,59,110,5338,5919,11257,1.0,1.0,1.0,0.45,L,0.7,1.2,0.7,1.2,0.8,1.2,103,113,216,1243,1360,2603,8.3,8.3,8.3,0.58,L,6.8,9.8,6.8,9.8,7.2,9.4,130,169,299,493,629,1122,26.4,26.9,26.6,0.86,L,22.5,30.3,23.4,30.3,24.1,29.2
171,Junction-Wallace Emerson,1081,1103,2184,10631,10806,21437,11.9,12.5,12.2,1.03,NS,11.3,12.5,11.8,13.1,11.8,12.7,10.2,10.2,10.2,0.84,L,9.6,10.7,9.6,10.8,9.8,10.6,85,111,196,5834,6133,11967,1.5,1.8,1.6,0.73,L,1.1,1.8,1.5,2.1,1.4,1.9,417,347,764,3272,2875,6147,12.7,12.1,12.4,0.87,L,11.6,13.9,10.9,13.3,11.6,13.3,579,645,1224,1525,1798,3323,38.0,35.9,36.8,1.19,H,35.5,40.4,33.7,38.1,35.2,38.5
172,Dovercourt Village,519,523,1042,5671,5960,11631,10.1,9.9,10.0,0.85,L,9.3,10.9,9.2,10.7,9.5,10.5,9.2,8.8,9.0,0.74,L,8.4,9.9,8.1,9.5,8.4,9.5,31,36,67,3000,3169,6169,1.0,1.1,1.1,0.50,L,0.7,1.4,0.8,1.5,0.8,1.3,180,139,319,1768,1686,3454,10.2,8.2,9.2,0.64,L,8.8,11.6,6.9,9.6,8.3,10.2,308,348,656,903,1105,2008,34.1,31.5,32.7,1.05,NS,31.0,37.2,28.8,34.2,30.6,34.7
173,North Toronto,430,534,964,6738,8172,14910,9.3,8.6,8.9,0.75,L,8.5,10.2,7.9,9.3,8.3,9.4,6.4,6.5,6.5,0.54,L,5.8,7.0,6.0,7.1,6.1,6.9,65,79,144,4428,4997,9425,1.5,1.6,1.5,0.68,L,1.1,1.8,1.2,1.9,1.3,1.8,182,168,350,1602,1944,3546,11.4,8.6,9.9,0.69,L,9.8,12.9,7.4,9.9,8.9,10.9,183,287,470,708,1231,1939,25.8,23.3,24.2,0.78,L,22.6,29.1,21.0,25.7,22.3,26.1
174,South Eglinton-Davisville,674,718,1392,9711,11701,21412,8.5,7.1,7.7,0.65,L,7.9,9.1,6.6,7.6,7.3,8.1,6.9,6.1,6.5,0.54,L,6.4,7.4,5.7,6.6,6.2,6.8,108,92,200,5948,6671,12619,1.8,1.4,1.6,0.73,L,1.5,2.2,1.1,1.7,1.4,1.8,223,210,433,2350,2717,5067,9.5,7.7,8.5,0.59,L,8.3,10.7,6.7,8.7,7.8,9.3,343,416,759,1413,2313,3726,24.3,18.0,20.4,0.66,L,22.0,26.5,16.4,19.6,19.1,21.7
175,City of Toronto   ,150968,151880,302848,1199374,1301147,2500521,12.2,11.4,11.8,1.00,,12.1,12.2,11.4,11.5,11.7,11.8,12.6,11.7,12.1,1.00,,12.5,12.6,11.6,11.7,12.1,12.2,12467,13564,26031,583543,604616,1188159,2.1,2.2,2.2,1.00,,2.1,2.2,2.2,2.3,2.2,2.2,58549,52843,111392,378984,400348,779332,15.4,13.2,14.3,1.00,,15.3,15.6,13.1,13.3,14.2,14.4,79952,85473,165425,236847,296183,533030,33.8,28.9,31.0,1.00,,33.6,33.9,28.7,29.0,30.9,31.2